Rating,Reviews,Size,Installs,Type,Price,Content Rating,Category_c,Genres_c
4.2,8599,17000000.0,1000000.0,0,0.0,0,0,0
4.5,1025,17000000.0,100000.0,0,0.0,0,1,1
4.1,10676,12000000.0,1000000.0,0,0.0,0,2,2
4.2,6849,1200000.0,1000000.0,0,0.0,0,4,4
4.5,572,44000000.0,50000.0,0,0.0,0,6,6
4.3,246,2800000.0,100000.0,0,0.0,0,7,7
4.1,204,11000000.0,10000.0,0,0.0,0,8,8
4.5,7074,6300000.0,500000.0,0,0.0,0,9,9
4.6,2167,1400000.0,500000.0,0,0.0,0,10,10
4.6,28,23000000.0,1000.0,1,1.99,0,11,11
4.2,134203,4099999.9999999995,10000000.0,0,0.0,0,7,7
4.5,1308,3700000.0,100000.0,0,0.0,0,13,13
2.5,5377,19000000.0,500000.0,0,0.0,1,14,14
4.4,133825,34000000.0,10000000.0,0,0.0,2,5,5
3.4,650,27000000.0,100000.0,0,0.0,0,6,6
5.0,8,29000000.0,100.0,0,0.0,3,18,18
4.4,37023,33000000.0,10000000.0,0,0.0,0,19,19
4.1,200214,18000000.0,10000000.0,0,0.0,0,11,0
4.5,14201891,52000000.0,100000000.0,0,0.0,0,19,5
3.8,1103,6600000.0,100000.0,0,0.0,0,20,20
4.4,16,4900000.0,1000.0,0,0.0,0,5,5
3.9,21,11000000.0,10000.0,0,0.0,0,7,7
3.5,46801,60000000.0,1000000.0,0,0.0,0,19,21
4.0,18247,12000000.0,100000.0,1,3.99,0,18,18
4.4,579519,99000000.0,10000000.0,0,0.0,1,19,22
3.7,50,19000000.0,5000.0,0,0.0,0,7,7
4.4,103,36000000.0,10000.0,0,0.0,0,11,23
4.3,39,4200000.0,5000.0,0,0.0,0,21,24
4.4,41975,79000000.0,1000000.0,0,0.0,0,19,25
4.3,28,3400000.0,1000.0,0,0.0,0,3,3
4.4,291901,4300000.0,10000000.0,0,0.0,1,21,24
3.7,192,36000000.0,100000.0,0,0.0,0,22,26
4.3,251686,31000000.0,10000000.0,0,0.0,0,23,27
5.0,1,655000.0,10.0,1,4.99,0,11,0
4.1,288523,92000000.0,10000000.0,0,0.0,0,11,28
4.1,5285,4000000.0,500000.0,0,0.0,0,24,29
4.4,2440877,32000000.0,10000000.0,0,0.0,3,19,22
4.4,49,12000000.0,10000.0,0,0.0,3,12,12
4.6,85375,21000000.0,5000000.0,0,0.0,0,0,0
3.8,7462,31000000.0,1000000.0,0,0.0,0,11,30
2.1,14,28000000.0,1000.0,0,0.0,0,7,7
4.0,18,3600000.0,1000.0,0,0.0,0,25,31
4.1,3315,5100000.0,500000.0,0,0.0,0,7,7
2.6,41,14000000.0,1000.0,1,9.99,0,6,6
4.3,2263,55000000.0,100000.0,0,0.0,0,11,32
4.4,21,15000000.0,5000.0,0,0.0,0,19,33
4.2,307398,9900000.0,10000000.0,0,0.0,0,19,33
4.1,65597,2400000.0,10000000.0,0,0.0,0,7,7
3.4,25515,12000000.0,10000000.0,0,0.0,0,22,26
4.6,213,3800000.0,10000.0,0,0.0,0,3,3
4.5,45452,9200000.0,5000000.0,0,0.0,0,26,34
4.3,10806,49000000.0,5000000.0,0,0.0,0,19,25
3.4,736,8500000.0,50000.0,0,0.0,3,21,24
4.3,5413,3900000.0,1000000.0,0,0.0,0,12,12
4.3,514,8400000.0,50000.0,0,0.0,0,7,7
4.4,4067651,69000000.0,100000000.0,0,0.0,2,19,35
4.5,618798,12000000.0,100000000.0,0,0.0,0,2,2
3.9,1985,3500000.0,500000.0,0,0.0,0,11,36
4.2,123136,80000000.0,5000000.0,0,0.0,1,11,23
4.2,3195,4600000.0,100000.0,1,0.99,0,11,36
4.2,92,20000000.0,10000.0,0,0.0,0,27,37
4.4,63,417000.0,5000.0,0,0.0,0,28,38
4.4,276,16000000.0,50000.0,0,0.0,0,11,39
4.6,1481,3100000.0,50000.0,0,0.0,3,11,40
3.9,237,26000000.0,100000.0,0,0.0,0,11,11
2.5,1283,8199999.999999999,100000.0,0,0.0,0,23,27
3.9,517,35000000.0,10000.0,0,0.0,0,18,18
4.1,13868,1400000.0,1000000.0,0,0.0,0,13,13
3.9,336,27000000.0,50000.0,0,0.0,0,7,7
4.3,1018,35000000.0,100000.0,0,0.0,0,11,11
3.4,2277,27000000.0,1000000.0,0,0.0,0,27,37
4.5,3704,4600000.0,100000.0,0,0.0,0,13,13
4.4,11442,66000000.0,1000000.0,0,0.0,0,11,42
4.4,385764,8400000.0,10000000.0,0,0.0,1,22,26
1.8,53,3400000.0,1000.0,1,1.49,0,7,7
4.6,36813,33000000.0,500000.0,0,0.0,0,11,40
4.2,112479,4300000.0,10000000.0,0,0.0,0,12,12
3.6,949,411000.0,100000.0,0,0.0,0,7,7
3.9,536,10000000.0,10000.0,0,0.0,0,11,19
4.0,11343,8400000.0,1000000.0,0,0.0,0,12,12
4.0,4518,41000000.0,1000000.0,0,0.0,0,11,23
4.4,7519,4000000.0,500000.0,0,0.0,0,12,12
3.8,469,80000000.0,10000.0,0,0.0,0,19,43
4.1,66661,22000000.0,5000000.0,0,0.0,0,11,44
4.6,549,2800000.0,50000.0,0,0.0,0,5,5
4.1,98,2000000.0,5000.0,0,0.0,0,27,37
3.4,5,21000000.0,500.0,0,0.0,0,7,7
4.6,214878,10000000.0,10000000.0,0,0.0,0,19,45
4.5,76593,12000000.0,500000.0,1,5.99,0,4,4
4.3,40241,12000000.0,5000000.0,0,0.0,0,18,18
3.3,582,28000000.0,100000.0,0,0.0,0,23,27
4.3,375,15000000.0,10000.0,0,0.0,0,28,38
3.6,437,12000000.0,100000.0,0,0.0,0,18,18
4.3,33,46000000.0,1000.0,0,0.0,0,7,7
4.5,43645,46000000.0,5000000.0,0,0.0,0,19,33
4.5,30,4099999.9999999995,1000.0,0,0.0,0,6,6
4.5,103305,12000000.0,5000000.0,0,0.0,0,29,46
4.2,78154,12000000.0,1000000.0,0,0.0,2,21,24
4.5,69,951000.0,1000.0,1,0.99,0,12,12
4.1,6808,12000000.0,500000.0,0,0.0,3,10,10
4.0,36901,6600000.0,5000000.0,0,0.0,0,18,18
3.3,1391,12000000.0,100000.0,0,0.0,0,5,5
4.5,249919,12000000.0,10000000.0,0,0.0,2,21,24
4.7,967,6700000.0,500000.0,0,0.0,0,16,16
4.5,5093,56000000.0,500000.0,0,0.0,0,20,20
4.6,99,19000000.0,10000.0,0,0.0,3,11,35
3.8,1140,746000.0,100000.0,0,0.0,0,10,10
4.2,3606,17000000.0,100000.0,0,0.0,0,7,7
4.1,398,6800000.0,100000.0,0,0.0,0,12,12
3.3,40,2700000.0,1000.0,1,1.99,0,7,7
4.5,31,2300000.0,1000.0,0,0.0,0,10,10
4.2,192677,17000000.0,50000000.0,0,0.0,3,15,15
5.0,5,15000000.0,50.0,0,0.0,0,11,0
4.4,2788923,12000000.0,100000000.0,0,0.0,3,22,26
4.2,19,20000000.0,1000.0,0,0.0,2,6,6
2.3,3,16000000.0,1000.0,0,0.0,0,2,2
4.3,659395,11000000.0,100000000.0,0,0.0,0,18,18
3.7,11748,36000000.0,1000000.0,0,0.0,3,11,19
4.3,10,20000000.0,100.0,1,12.99,0,11,23
4.5,5387639,53000000.0,100000000.0,0,0.0,0,19,25
4.8,110,4900000.0,10000.0,0,0.0,1,14,14
4.7,24985,7800000.0,500000.0,0,0.0,0,7,7
4.6,436615,10000000.0,10000000.0,0,0.0,0,7,7
4.0,8126,61000000.0,1000000.0,0,0.0,0,11,47
4.2,305367,46000000.0,10000000.0,0,0.0,0,24,29
4.9,776,4900000.0,5000.0,0,0.0,1,14,14
4.3,31986,76000000.0,1000000.0,0,0.0,3,20,20
4.4,1397944,50000000.0,10000000.0,0,0.0,3,19,22
4.8,1264084,62000000.0,10000000.0,0,0.0,3,24,29
5.0,3,9300000.0,100.0,0,0.0,0,17,17
4.7,8600,91000000.0,500000.0,0,0.0,0,11,36
3.8,454,18000000.0,100000.0,0,0.0,0,22,26
4.4,2420,6700000.0,50000.0,0,0.0,3,11,40
3.8,20292,47000000.0,1000000.0,0,0.0,0,11,42
4.3,386,6000000.0,50000.0,0,0.0,0,21,24
3.9,33,3400000.0,5000.0,0,0.0,0,18,18
4.3,601,35000000.0,100000.0,0,0.0,0,26,34
3.7,4806,35000000.0,1000000.0,0,0.0,0,30,48
3.3,3492,17000000.0,5000000.0,0,0.0,0,23,27
3.0,172,12000000.0,10000.0,0,0.0,0,7,7
4.6,132282,20000000.0,1000000.0,0,0.0,0,19,43
4.6,260527,49000000.0,10000000.0,0,0.0,0,19,33
4.1,234606,59000000.0,10000000.0,0,0.0,0,19,22
5.0,3,29000000.0,100.0,0,0.0,0,7,7
4.5,41,4000000.0,500.0,0,0.0,3,20,20
4.3,258717,9400000.0,10000000.0,0,0.0,0,10,10
3.5,197,9800000.0,10000.0,0,0.0,0,15,15
3.9,853,27000000.0,100000.0,0,0.0,1,14,14
4.2,70753,14000000.0,5000000.0,0,0.0,0,11,36
3.8,1054,9700000.0,100000.0,0,0.0,0,13,13
4.4,61746,12000000.0,500000.0,0,0.0,3,19,49
4.3,184,12000000.0,1000.0,1,2.99,0,2,2
4.5,182986,77000000.0,5000000.0,0,0.0,1,14,14
4.3,8606259,12000000.0,500000000.0,0,0.0,3,24,29
3.2,6,458000.0,100.0,0,0.0,0,24,29
4.7,30,12000000.0,1000.0,1,7.49,0,11,50
4.5,465831,8900000.0,10000000.0,0,0.0,0,7,7
4.2,453,36000000.0,10000.0,1,2.99,0,8,8
4.5,172508,76000000.0,5000000.0,0,0.0,0,0,11
4.7,174827,25000000.0,10000000.0,0,0.0,1,21,24
3.8,127229,34000000.0,10000000.0,0,0.0,0,11,19
4.1,217736,87000000.0,10000000.0,0,0.0,0,11,44
4.6,265,2600000.0,10000.0,1,2.99,0,18,18
4.7,19302,7200000.0,5000000.0,0,0.0,0,2,2
4.6,1370749,12000000.0,50000000.0,0,0.0,3,22,26
4.5,429580,12000000.0,10000000.0,0,0.0,0,7,7
4.8,1216,8600000.0,10000.0,1,1.99,0,25,31
4.1,159,19000000.0,10000.0,0,0.0,0,25,31
4.3,696019,12000000.0,50000000.0,0,0.0,2,19,33
4.8,4075,5100000.0,500000.0,0,0.0,0,0,0
2.5,706,12000000.0,10000.0,0,0.0,0,11,0
3.7,21443,12000000.0,5000000.0,0,0.0,0,27,37
4.3,46242,5200000.0,1000000.0,0,0.0,0,23,27
4.0,3061,5500000.0,100000.0,0,0.0,0,17,17
4.8,238,27000000.0,10000.0,0,0.0,0,16,16
4.1,46,6100000.0,1000.0,0,0.0,0,7,7
4.4,708710,12000000.0,10000000.0,0,0.0,0,17,17
4.5,412725,35000000.0,10000000.0,0,0.0,0,24,29
4.2,42925,2800000.0,1000000.0,0,0.0,0,18,18
4.4,38,51000000.0,1000.0,0,0.0,0,12,12
4.4,3075118,12000000.0,100000000.0,0,0.0,0,18,18
4.7,18,5000000.0,500.0,0,0.0,1,14,14
4.4,5745093,12000000.0,500000000.0,0,0.0,0,7,7
4.2,2183,46000000.0,500000.0,0,0.0,0,19,25
4.1,68406,24000000.0,10000000.0,0,0.0,0,22,26
4.3,444,1600000.0,100000.0,0,0.0,0,7,7
3.9,81543,12000000.0,10000000.0,0,0.0,0,11,44
4.3,1633682,57000000.0,100000000.0,0,0.0,0,31,40
4.4,2591941,12000000.0,100000000.0,0,0.0,0,12,12
4.3,63160,17000000.0,1000000.0,0,0.0,0,11,51
4.3,1655,91000000.0,100000.0,0,0.0,2,19,22
4.3,24175,8500000.0,5000000.0,0,0.0,0,7,7
4.6,302,9900000.0,100000.0,0,0.0,0,11,0
3.3,47,18000000.0,5000.0,0,0.0,0,7,7
4.1,423,20000000.0,100000.0,0,0.0,0,3,3
4.3,19,2500000.0,1000.0,0,0.0,3,11,40
3.8,141,19000000.0,10000.0,0,0.0,0,19,33
4.4,162831,43000000.0,5000000.0,0,0.0,0,2,2
4.8,10,4000000.0,10.0,0,0.0,0,17,17
4.5,1034,196000.0,5000.0,1,4.99,0,7,7
4.4,16192,1600000.0,1000000.0,0,0.0,0,7,7
4.3,2250,30000000.0,100000.0,0,0.0,0,11,0
4.4,8921451,63000000.0,100000000.0,0,0.0,0,19,25
4.4,1312037,12000000.0,10000000.0,0,0.0,0,4,4
4.4,670,3100000.0,10000.0,0,0.0,0,5,5
4.5,75140,12000000.0,1000000.0,0,0.0,0,2,2
4.4,3780,11000000.0,100000.0,0,0.0,0,13,13
1.9,954,19000000.0,100000.0,0,0.0,1,14,14
5.0,36,3200000.0,100.0,0,0.0,3,7,7
4.0,403,39000000.0,50000.0,0,0.0,3,11,0
4.3,28578,23000000.0,10000000.0,0,0.0,0,23,27
4.4,138872,22000000.0,10000000.0,0,0.0,0,7,7
5.0,7,22000000.0,100.0,0,0.0,0,11,0
4.1,62209,7400000.0,10000000.0,0,0.0,0,12,12
3.8,4,13000000.0,100.0,0,0.0,0,11,0
4.2,80900,21000000.0,1000000.0,0,0.0,0,5,5
4.0,17240,12000000.0,1000000.0,0,0.0,2,21,24
4.3,9562,5800000.0,500000.0,0,0.0,3,24,29
3.6,14835,12000000.0,1000000.0,0,0.0,3,24,29
4.3,656,556000.0,10000.0,0,0.0,0,0,0
4.8,726,5400000.0,1000.0,1,3.99,0,3,3
4.9,55,25000000.0,1000.0,0,0.0,0,7,7
3.0,1,5500000.0,500.0,0,0.0,1,14,14
4.3,54221,47000000.0,1000000.0,0,0.0,0,19,25
3.4,4082,318000.0,500000.0,0,0.0,0,10,10
4.4,134895,50000000.0,10000000.0,0,0.0,0,27,37
3.7,1221896,70000000.0,100000000.0,0,0.0,0,19,22
4.7,68,6500000.0,10000.0,0,0.0,0,22,26
4.1,585564,33000000.0,10000000.0,0,0.0,0,5,5
3.8,534,14000000.0,100000.0,0,0.0,0,6,6
4.1,133,48000000.0,10000.0,0,0.0,0,11,19
4.4,15,39000000.0,1000.0,0,0.0,0,6,6
2.2,876,8700000.0,1000000.0,0,0.0,0,7,7
4.3,11618,39000000.0,5000000.0,0,0.0,0,11,50
4.3,129304,12000000.0,5000000.0,0,0.0,0,13,13
4.2,8,3900000.0,5000.0,0,0.0,0,16,16
3.9,671,3600000.0,100000.0,0,0.0,0,22,26
4.0,174127,48000000.0,5000000.0,0,0.0,3,11,23
4.3,1300619,78000000.0,50000000.0,0,0.0,0,19,36
4.4,623398,58000000.0,10000000.0,0,0.0,0,11,39
4.6,9873470,74000000.0,100000000.0,0,0.0,0,5,5
4.6,625,8400000.0,10000.0,1,3.99,0,6,6
4.6,7672495,12000000.0,100000000.0,0,0.0,1,19,22
4.6,191032,26000000.0,5000000.0,0,0.0,0,18,18
4.0,142,6200000.0,10000.0,0,0.0,0,13,13
4.4,2709,6800000.0,1000000.0,0,0.0,0,16,16
4.6,539,12000000.0,10000.0,0,0.0,0,5,5
5.0,5,3800000.0,500.0,0,0.0,0,7,7
3.5,174,5600000.0,50000.0,0,0.0,0,11,40
3.7,3,7700000.0,5000.0,0,0.0,0,6,6
4.3,258556,12000000.0,10000000.0,0,0.0,0,18,18
4.5,227,15000000.0,50000.0,0,0.0,0,11,50
4.5,3478,6100000.0,500000.0,0,0.0,0,4,4
3.6,38,1100000.0,10000.0,0,0.0,0,22,26
4.2,20,1600000.0,5000.0,0,0.0,0,11,0
4.5,64983,39000000.0,1000000.0,0,0.0,0,13,13
4.3,33572,37000000.0,1000000.0,0,0.0,0,10,10
3.0,4,2000000.0,1000.0,0,0.0,0,7,7
4.2,8,44000000.0,1000.0,1,3.99,0,11,52
4.5,1013635,12000000.0,10000000.0,0,0.0,3,32,53
3.0,29,37000000.0,5000.0,0,0.0,2,21,24
4.4,18652,63000000.0,100000.0,1,2.99,0,19,45
3.7,3,10000000.0,100.0,0,0.0,0,6,6
4.5,172505,76000000.0,5000000.0,0,0.0,0,0,11
3.7,7,4300000.0,500.0,0,0.0,0,18,18
4.2,23164,10000000.0,1000000.0,0,0.0,1,10,10
4.2,32849,1500000.0,1000000.0,0,0.0,0,19,54
4.3,771001,52000000.0,50000000.0,0,0.0,2,19,22
4.3,906,9200000.0,50000.0,0,0.0,1,11,40
4.4,36,24000000.0,10000.0,0,0.0,0,11,23
4.5,4,511000.0,50.0,0,0.0,0,12,12
4.6,2264916,6100000.0,50000000.0,0,0.0,0,18,18
4.8,125,4700000.0,5000.0,0,0.0,1,14,14
4.2,1259723,76000000.0,50000000.0,0,0.0,1,24,29
4.5,2634605,63000000.0,10000000.0,0,0.0,0,11,55
4.2,857923,18000000.0,50000000.0,0,0.0,0,22,26
2.2,4,28000000.0,1000.0,0,0.0,0,17,17
4.2,2695,12000000.0,100000.0,0,0.0,0,13,13
3.2,93965,15000000.0,5000000.0,0,0.0,3,32,53
4.4,17988,7900000.0,100000.0,1,4.99,3,19,43
4.3,12,2600000.0,100.0,0,0.0,0,8,8
4.1,7,22000000.0,500.0,0,0.0,0,11,40
4.4,218881,37000000.0,5000000.0,0,0.0,2,11,55
4.5,6673,4400000.0,500000.0,0,0.0,0,11,36
4.0,33439,3900000.0,5000000.0,0,0.0,0,23,27
3.3,20098,25000000.0,10000000.0,0,0.0,0,17,17
4.3,111634,13000000.0,5000000.0,0,0.0,0,12,12
4.2,74902,12000000.0,5000000.0,0,0.0,0,19,25
4.8,21,49000000.0,1000.0,0,0.0,0,11,55
4.3,213735,43000000.0,10000000.0,0,0.0,0,22,26
3.6,783,25000000.0,50000.0,0,0.0,3,11,40
3.9,6988,35000000.0,100000.0,0,0.0,2,19,25
4.1,90,21000000.0,1000.0,0,0.0,0,6,6
4.5,27725352,76000000.0,1000000000.0,0,0.0,2,19,33
4.5,53562,60000000.0,1000000.0,0,0.0,0,8,8
4.6,27,2500000.0,1000.0,0,0.0,0,2,2
4.7,114851,20000000.0,10000000.0,0,0.0,0,12,12
4.3,11334973,12000000.0,500000000.0,0,0.0,0,18,18
4.6,22,8700000.0,1000.0,0,0.0,3,24,29
4.4,281635,12000000.0,5000000.0,0,0.0,0,13,13
4.3,811693,50000000.0,50000000.0,0,0.0,0,23,27
4.6,547,1300000.0,10000.0,0,0.0,0,19,45
4.3,20,15000000.0,1000.0,0,0.0,0,27,37
4.8,11,608000.0,1000.0,0,0.0,0,16,16
2.5,2,5000000.0,1000.0,0,0.0,0,13,13
4.0,2,13000000.0,100.0,0,0.0,0,26,34
4.2,145088,24000000.0,10000000.0,0,0.0,0,2,2
5.0,3,3400000.0,50.0,0,0.0,0,12,12
3.7,8581,12000000.0,1000000.0,0,0.0,0,19,33
3.0,1820,33000000.0,100000.0,0,0.0,0,18,18
2.0,9,3400000.0,1000.0,0,0.0,0,3,3
3.1,124,12000000.0,10000.0,0,0.0,0,21,24
4.3,85468,36000000.0,1000000.0,1,0.99,0,19,33
4.7,1335799,3800000.0,50000000.0,0,0.0,0,7,7
4.2,24,5000000.0,1000.0,0,0.0,0,7,7
4.8,160,6400000.0,10000.0,0,0.0,0,5,5
3.5,30447,80000000.0,5000000.0,0,0.0,0,27,37
4.6,8004,34000000.0,100000.0,0,0.0,3,10,10
4.4,1860844,61000000.0,500000000.0,0,0.0,0,2,2
4.5,26559,12000000.0,10000000.0,0,0.0,0,2,2
4.6,69177,15000000.0,1000000.0,0,0.0,3,10,10
4.6,78,375000.0,10000.0,0,0.0,0,7,7
4.7,51,11000000.0,1000.0,0,0.0,0,13,13
4.7,149,3500000.0,1000.0,1,1.99,0,25,31
4.5,4450890,67000000.0,100000000.0,0,0.0,2,11,56
3.7,681,8199999.999999999,10000.0,0,0.0,0,11,0
3.7,165,25000000.0,10000.0,0,0.0,3,11,40
4.1,24977,21000000.0,1000000.0,0,0.0,0,29,46
4.0,25489,62000000.0,1000000.0,0,0.0,0,11,23
4.2,83488,12000000.0,5000000.0,0,0.0,0,24,29
4.0,182,1700000.0,10000.0,0,0.0,0,7,7
4.5,234,3400000.0,10000.0,0,0.0,0,3,3
4.2,39735,18000000.0,5000000.0,0,0.0,3,22,26
4.5,9779,39000000.0,5000000.0,0,0.0,0,11,57
4.1,148405,26000000.0,10000000.0,0,0.0,0,11,58
4.1,33387,20000000.0,1000000.0,0,0.0,3,31,40
4.7,48701,24000000.0,10000000.0,0,0.0,0,11,59
4.4,230,11000000.0,1000.0,1,1.49,0,12,12
4.8,10249,12000000.0,10000.0,1,2.49,0,10,10
3.9,47688,17000000.0,5000000.0,0,0.0,0,5,5
4.9,59,21000000.0,500.0,0,0.0,0,19,54
4.3,1714,31000000.0,100000.0,0,0.0,0,12,12
4.4,122282,12000000.0,5000000.0,0,0.0,2,5,5
4.1,115033,30000000.0,10000000.0,0,0.0,0,31,40
4.5,51110,12000000.0,1000000.0,1,2.99,0,18,18
4.7,11118,9700000.0,1000000.0,0,0.0,0,4,4
3.8,164,22000000.0,10000.0,0,0.0,0,19,43
4.2,67854,12000000.0,5000000.0,0,0.0,0,4,4
4.9,37302,35000000.0,500000.0,0,0.0,0,19,21
4.8,53743,13000000.0,1000000.0,0,0.0,0,6,6
4.5,253,83000000.0,10000.0,1,3.99,0,11,52
3.2,38,1500000.0,1000.0,1,0.99,0,24,29
3.7,4071,12000000.0,500000.0,0,0.0,3,16,16
4.6,58575,96000000.0,1000000.0,0,0.0,3,19,22
4.9,717,6600000.0,100000.0,0,0.0,0,1,1
3.9,386,7900000.0,50000.0,0,0.0,0,10,10
4.5,172508,76000000.0,5000000.0,0,0.0,0,0,11
4.6,308234,38000000.0,10000000.0,0,0.0,0,22,26
4.2,63056,8100000.0,1000000.0,0,0.0,3,19,54
4.2,123279,25000000.0,10000000.0,0,0.0,2,31,60
5.0,2,29000000.0,50.0,0,0.0,0,6,6
4.7,42050,12000000.0,1000000.0,0,0.0,0,26,34
4.7,705,1800000.0,10000.0,0,0.0,0,19,45
4.4,1218,15000000.0,500000.0,0,0.0,2,19,22
4.2,5775,4900000.0,500000.0,0,0.0,0,16,16
3.3,10,3300000.0,1000.0,0,0.0,0,17,17
3.7,1861,1500000.0,1000000.0,0,0.0,0,17,17
3.7,481,420000.0,10000.0,1,0.99,0,18,18
5.0,1,4600000.0,5.0,0,0.0,0,6,6
5.0,2,83000000.0,10.0,0,0.0,0,6,6
4.5,62,1600000.0,1000.0,1,0.99,0,8,8
3.4,17030,12000000.0,10000000.0,0,0.0,0,7,7
4.1,1802,26000000.0,100000.0,0,0.0,0,3,3
4.2,1493,57000000.0,100000.0,0,0.0,0,11,35
4.6,57493,12000000.0,1000000.0,0,0.0,0,13,13
3.7,112,3900000.0,10000.0,0,0.0,0,13,13
4.3,39109,4000000.0,1000000.0,0,0.0,0,11,40
4.5,659,3300000.0,10000.0,1,3.99,0,11,35
4.4,953894,37000000.0,10000000.0,0,0.0,0,15,15
3.6,10,15000000.0,1000.0,0,0.0,0,6,6
4.1,49259,12000000.0,5000000.0,0,0.0,2,21,24
4.5,3198176,82000000.0,100000000.0,0,0.0,0,19,33
4.0,9,4700000.0,500.0,0,0.0,0,7,7
4.4,3829,23000000.0,1000000.0,0,0.0,0,10,10
4.1,85842,37000000.0,5000000.0,0,0.0,0,16,16
3.4,1845,12000000.0,100000.0,0,0.0,0,5,5
4.0,15,5000000.0,1000.0,1,14.99,0,6,6
4.6,36857,19000000.0,1000000.0,0,0.0,0,29,46
2.9,3017,24000000.0,100000.0,0,0.0,0,5,5
4.4,406511,21000000.0,5000000.0,0,0.0,3,19,22
4.1,24456,12000000.0,1000000.0,0,0.0,0,21,24
4.4,1421884,33000000.0,50000000.0,0,0.0,0,8,8
4.4,372553,21000000.0,10000000.0,0,0.0,0,7,7
4.5,11436,15000000.0,1000000.0,0,0.0,0,11,61
4.3,151080,12000000.0,5000000.0,0,0.0,0,20,20
4.2,62636,17000000.0,1000000.0,0,0.0,3,19,22
4.4,623398,58000000.0,10000000.0,0,0.0,0,11,39
3.8,5084,6200000.0,100000.0,0,0.0,0,32,53
4.3,2903386,58000000.0,100000000.0,0,0.0,1,19,22
4.2,12726,15000000.0,1000000.0,0,0.0,0,23,27
4.3,20691,89000000.0,1000000.0,0,0.0,0,19,25
4.6,524299,12000000.0,10000000.0,0,0.0,0,17,17
4.3,421000,36000000.0,10000000.0,0,0.0,0,19,33
4.9,119,17000000.0,1000.0,0,0.0,0,11,40
4.0,1699,72000000.0,100000.0,0,0.0,0,11,60
4.5,8,8100000.0,100.0,0,0.0,0,8,8
4.9,85,19000000.0,1000.0,0,0.0,0,7,7
3.7,1212,12000000.0,100000.0,0,0.0,1,14,14
4.3,47847,21000000.0,1000000.0,0,0.0,0,0,0
4.1,6998,24000000.0,1000000.0,0,0.0,0,13,13
4.7,50294,11000000.0,1000000.0,0,0.0,0,17,17
4.0,9971,33000000.0,1000000.0,0,0.0,0,5,5
4.1,83427,16000000.0,1000000.0,0,0.0,0,11,23
4.2,2630,18000000.0,100000.0,0,0.0,0,7,7
4.4,460,31000000.0,50000.0,0,0.0,0,19,41
4.5,176,10000000.0,100000.0,0,0.0,0,25,31
4.7,14065,7100000.0,500000.0,0,0.0,0,20,20
4.7,114,8300000.000000001,10000.0,0,0.0,3,29,46
4.2,29756,45000000.0,1000000.0,0,0.0,0,10,10
4.4,45871,99000000.0,5000000.0,0,0.0,3,19,22
4.6,185,5000000.0,10000.0,0,0.0,1,14,14
3.9,8,6200000.0,1000.0,0,0.0,0,11,0
4.2,3816,31000000.0,100000.0,0,0.0,3,19,33
4.4,55256,14000000.0,5000000.0,0,0.0,0,0,0
4.6,4546,3000000.0,100000.0,0,0.0,0,13,13
4.0,28633,81000000.0,1000000.0,0,0.0,2,11,55
4.5,10053186,94000000.0,100000000.0,0,0.0,0,11,19
4.4,122282,12000000.0,5000000.0,0,0.0,2,5,5
3.7,3362,12000000.0,1000000.0,0,0.0,0,23,27
4.3,2451093,12000000.0,100000000.0,0,0.0,3,18,18
4.4,49553,48000000.0,1000000.0,1,5.99,0,23,27
4.5,1094094,12000000.0,100000000.0,0,0.0,0,7,7
5.0,2,11000000.0,100.0,0,0.0,1,6,6
4.6,85375,21000000.0,5000000.0,0,0.0,0,0,0
4.6,169661,40000000.0,10000000.0,0,0.0,0,19,33
4.0,10774,35000000.0,100000.0,0,0.0,0,16,16
4.1,36815,29000000.0,1000000.0,0,0.0,0,25,31
4.5,1791,56000000.0,500000.0,0,0.0,0,11,11
4.9,42,18000000.0,1000.0,0,0.0,0,17,17
4.3,14627,23000000.0,1000000.0,0,0.0,0,13,13
4.8,17,15000000.0,100.0,0,0.0,0,11,0
4.7,65,7600000.0,5000.0,0,0.0,0,12,12
4.4,3716278,36000000.0,50000000.0,0,0.0,3,19,22
1.9,105,9100000.0,10000.0,0,0.0,0,15,15
4.1,3387,25000000.0,50000.0,1,29.99,0,5,5
4.0,15867,12000000.0,5000000.0,0,0.0,0,22,26
4.1,77724,7100000.0,5000000.0,0,0.0,3,12,12
4.4,390,41000000.0,500000.0,0,0.0,0,0,11
4.2,1586,1500000.0,500000.0,0,0.0,0,7,7
4.7,1559650,12000000.0,50000000.0,0,0.0,0,19,22
4.4,867920,45000000.0,10000000.0,0,0.0,0,5,5
3.8,159,7500000.0,10000.0,0,0.0,0,7,7
4.6,342,38000000.0,10000.0,0,0.0,0,5,5
4.2,215301,12000000.0,10000000.0,0,0.0,0,0,0
3.8,25275,21000000.0,5000000.0,0,0.0,0,19,25
3.8,66033,6800000.0,10000000.0,0,0.0,0,11,19
4.1,11258,44000000.0,500000.0,0,0.0,1,19,22
4.3,22333,9700000.0,1000000.0,0,0.0,2,19,22
4.5,6750,43000000.0,100000.0,0,0.0,0,11,19
4.1,9348,12000000.0,1000000.0,0,0.0,0,0,0
3.4,150,7300000.0,50000.0,0,0.0,0,7,7
4.4,29,5300000.0,5000.0,0,0.0,0,11,0
4.5,5180480,26000000.0,100000000.0,0,0.0,0,7,7
3.8,11,2900000.0,500.0,1,1.99,0,4,4
4.5,40328,23000000.0,1000000.0,0,0.0,0,2,2
4.5,219821,10000000.0,1000000.0,0,0.0,1,19,22
4.6,4102,24000000.0,500000.0,0,0.0,2,17,17
4.5,174215,93000000.0,10000000.0,0,0.0,0,11,23
4.3,128,22000000.0,10000.0,0,0.0,0,11,36
3.6,18252,10000000.0,10000000.0,0,0.0,0,22,26
3.6,3632,3200000.0,1000000.0,0,0.0,0,7,7
3.9,58055,41000.0,5000000.0,0,0.0,0,28,38
4.3,91033,12000000.0,5000000.0,0,0.0,0,5,5
4.3,495905,12000000.0,50000000.0,0,0.0,0,12,12
5.0,1,7900000.0,10.0,0,0.0,0,22,26
4.7,19277,5300000.0,1000000.0,0,0.0,0,0,0
4.5,48,26000000.0,5000.0,0,0.0,0,2,2
2.6,57,6200000.0,1000.0,1,6.99,0,14,14
4.4,7,34000000.0,100.0,0,0.0,0,19,43
3.6,14952,39000000.0,1000000.0,0,0.0,0,20,20
3.8,174,44000000.0,10000.0,0,0.0,0,11,23
4.1,44027,52000000.0,5000000.0,0,0.0,1,11,35
3.3,1157,21000000.0,100000.0,0,0.0,1,14,14
4.1,661,3400000.0,100000.0,0,0.0,0,2,2
4.5,192,15000000.0,10000.0,0,0.0,0,18,18
4.0,187,19000000.0,10000.0,0,0.0,1,14,14
3.0,736,1800000.0,100000.0,0,0.0,0,7,7
4.7,1115,39000000.0,100000.0,0,0.0,0,19,33
4.1,3446,19000000.0,500000.0,0,0.0,0,7,7
4.4,228755,12000000.0,10000000.0,0,0.0,0,2,2
4.4,348962,26000000.0,1000000.0,1,6.99,1,19,22
4.0,198,3500000.0,50000.0,0,0.0,0,2,2
4.4,8433,5600000.0,100000.0,0,0.0,0,4,4
4.5,171,20000000.0,10000.0,1,10.0,2,6,6
4.3,9149,80000000.0,1000000.0,0,0.0,0,11,23
4.3,589,3600000.0,100000.0,0,0.0,1,11,40
4.6,216513,12000000.0,5000000.0,0,0.0,1,24,29
3.4,148177,78000000.0,10000000.0,0,0.0,0,19,33
4.2,42546,24000000.0,5000000.0,0,0.0,0,27,37
3.7,430643,4900000.0,50000000.0,0,0.0,0,15,15
4.4,42492,12000000.0,1000000.0,0,0.0,0,3,3
4.1,9315,2600000.0,1000000.0,0,0.0,0,26,34
4.6,847159,4200000.0,10000000.0,0,0.0,0,23,27
4.3,1922,4700000.0,500000.0,0,0.0,0,11,40
4.1,1152,2700000.0,100000.0,0,0.0,0,11,40
4.3,37320,8400000.0,1000000.0,0,0.0,0,18,18
5.0,7,68000000.0,100.0,0,0.0,0,5,5
4.6,7,12000000.0,500.0,0,0.0,2,11,0
3.7,43,10000000.0,5000.0,0,0.0,1,7,7
4.0,22,82000.0,1000.0,1,0.99,0,7,7
4.2,86172,13000000.0,1000000.0,0,0.0,0,2,2
4.4,288150,21000000.0,5000000.0,0,0.0,3,31,40
3.4,16,293000.0,100.0,1,6.49,0,2,2
4.5,29495,56000000.0,1000000.0,0,0.0,3,11,23
4.1,2645,1100000.0,50000.0,1,0.99,0,12,12
4.1,12435,31000000.0,10000000.0,0,0.0,0,2,2
4.3,2251012,52000000.0,100000000.0,0,0.0,0,19,25
4.2,75545,12000000.0,5000000.0,0,0.0,0,5,5
4.3,654419,12000000.0,50000000.0,0,0.0,0,23,27
4.1,1998,9800000.0,100000.0,0,0.0,0,11,19
4.5,3116,22000000.0,500000.0,0,0.0,0,23,27
4.2,82005,45000000.0,10000000.0,0,0.0,2,11,62
4.2,270267,58000000.0,5000000.0,0,0.0,0,17,17
4.0,3419513,12000000.0,1000000000.0,0,0.0,0,18,18
4.5,736824,20000000.0,10000000.0,0,0.0,3,11,40
4.0,12,8100000.0,5000.0,0,0.0,0,3,3
4.6,19,14000000.0,500.0,0,0.0,0,27,37
2.4,32,8500000.0,5000.0,0,0.0,0,6,6
4.0,122498,79000.0,10000000.0,0,0.0,0,18,18
3.9,117,9800000.0,10000.0,0,0.0,0,22,26
4.2,10790289,12000000.0,500000000.0,0,0.0,0,18,18
4.5,23671,91000000.0,1000000.0,0,0.0,0,11,63
4.4,7586,45000000.0,500000.0,0,0.0,0,17,17
4.1,5025,12000000.0,500000.0,0,0.0,1,10,10
4.7,2598579,49000000.0,50000000.0,0,0.0,0,7,7
4.4,1740,4400000.0,50000.0,0,0.0,3,10,10
4.2,70389,28000000.0,1000000.0,0,0.0,3,19,22
4.5,10159,6400000.0,1000000.0,0,0.0,0,11,0
3.8,828,12000000.0,100000.0,0,0.0,0,0,0
4.2,26426,30000000.0,1000000.0,0,0.0,0,11,11
4.3,100130,12000000.0,5000000.0,0,0.0,0,12,12
1.0,1,16000000.0,10.0,1,2.99,0,11,0
4.7,1363,1600000.0,10000.0,1,2.59,0,7,7
4.3,14604,68000000.0,500000.0,0,0.0,3,11,23
4.5,474439,7900000.0,10000000.0,0,0.0,0,7,7
3.9,172281,50000000.0,5000000.0,0,0.0,0,19,54
4.5,2586,9400000.0,100000.0,0,0.0,0,10,10
3.8,742,1800000.0,100000.0,0,0.0,0,23,27
3.8,926,7600000.0,50000.0,0,0.0,0,5,5
4.3,143087,69000000.0,1000000.0,0,0.0,2,11,55
3.8,22513,11000000.0,1000000.0,0,0.0,0,20,20
4.3,16734,10000000.0,1000000.0,0,0.0,0,27,37
4.7,10,2300000.0,1000.0,0,0.0,0,21,24
4.1,174,12000000.0,5000.0,0,0.0,0,7,7
5.0,141,15000000.0,1000.0,0,0.0,0,10,10
4.2,9,95000000.0,1000.0,1,7.49,0,6,6
4.6,769,13000000.0,100000.0,0,0.0,0,11,40
4.1,923,44000000.0,100000.0,0,0.0,1,14,14
4.3,22248,1800000.0,1000000.0,0,0.0,0,11,0
4.6,7973,18000000.0,1000000.0,0,0.0,0,0,0
4.8,259003,12000000.0,10000000.0,0,0.0,0,15,15
4.3,1098,18000000.0,50000.0,0,0.0,0,12,12
4.3,29313,20000000.0,5000000.0,0,0.0,0,3,3
4.4,177703,13000000.0,10000000.0,0,0.0,1,18,18
4.5,1303,13000000.0,100000.0,0,0.0,0,11,40
4.3,407719,12000000.0,10000000.0,0,0.0,3,31,40
3.8,466,28000000.0,10000.0,1,0.99,0,19,33
4.5,37937,25000000.0,1000000.0,0,0.0,0,8,8
3.3,1261,2500000.0,10000.0,0,0.0,0,15,15
4.5,1575,43000000.0,100000.0,0,0.0,0,31,40
5.0,26,2500000.0,1000.0,0,0.0,0,28,38
4.3,96,54000000.0,10000.0,0,0.0,0,11,19
4.5,148506,11000000.0,5000000.0,0,0.0,0,7,7
4.4,552635,29000000.0,10000000.0,0,0.0,0,18,18
3.5,11,5200000.0,1000.0,0,0.0,0,18,18
4.0,36,41000000.0,1000.0,1,399.99,0,13,13
4.6,23130,46000000.0,1000000.0,0,0.0,0,13,13
4.8,12,44000000.0,100.0,1,6.99,0,6,6
4.7,257,4600000.0,50000.0,0,0.0,0,26,34
4.5,53652,39000000.0,1000000.0,0,0.0,0,10,10
4.2,109263,38000000.0,1000000.0,0,0.0,3,19,22
4.1,40975,36000000.0,1000000.0,0,0.0,2,21,24
4.6,62386,3400000.0,1000000.0,0,0.0,0,1,1
4.3,11334973,12000000.0,500000000.0,0,0.0,0,18,18
2.3,3,2400000.0,1000.0,0,0.0,0,17,17
4.0,141584,22000000.0,10000000.0,0,0.0,3,22,26
4.3,125259,12000000.0,50000000.0,0,0.0,0,23,27
3.7,464,1900000.0,50000.0,0,0.0,0,11,0
1.4,20,4099999.9999999995,1000.0,0,0.0,0,7,7
4.2,25673,12000000.0,1000000.0,0,0.0,3,32,53
3.3,1045,13000000.0,100000.0,0,0.0,0,10,10
4.0,369,3500000.0,10000.0,0,0.0,0,11,40
4.1,114,6300000.0,10000.0,0,0.0,0,16,16
4.3,29270,44000000.0,5000000.0,0,0.0,0,19,22
4.1,7904,21000000.0,500000.0,0,0.0,2,19,22
4.5,106547,54000000.0,1000000.0,0,0.0,0,17,17
4.0,267,40000000.0,10000.0,1,1.99,0,19,22
4.6,404617,12000000.0,10000000.0,0,0.0,0,2,2
4.2,283,5000000.0,100000.0,0,0.0,0,13,13
4.3,99290,3900000.0,5000000.0,0,0.0,0,7,7
4.4,2418135,12000000.0,100000000.0,0,0.0,0,23,27
4.5,514088,83000000.0,10000000.0,0,0.0,0,11,64
4.1,101,31000000.0,10000.0,0,0.0,0,19,33
4.4,71419,12000000.0,5000000.0,0,0.0,0,29,46
3.6,284,70000000.0,10000.0,0,0.0,0,11,23
3.8,935,22000000.0,50000.0,0,0.0,3,11,40
4.5,3776,7700000.0,100000.0,0,0.0,0,11,0
4.0,48845,40000000.0,1000000.0,0,0.0,1,14,14
3.5,13205,44000000.0,1000000.0,0,0.0,3,15,15
4.4,4638163,96000000.0,100000000.0,0,0.0,2,19,33
4.4,552,1600000.0,5000.0,1,1.0,0,5,5
4.7,1150,9800000.0,100000.0,0,0.0,0,26,34
4.9,46253,56000000.0,500000.0,0,0.0,2,11,23
5.0,5,3700000.0,50.0,0,0.0,0,18,18
4.4,22,19000000.0,5000.0,0,0.0,0,15,15
4.5,4400,8300000.000000001,1000000.0,0,0.0,0,23,27
4.6,95201,61000000.0,5000000.0,0,0.0,0,17,17
4.4,3963,12000000.0,100000.0,0,0.0,0,0,0
4.4,6367,96000000.0,1000000.0,0,0.0,0,11,23
4.5,455377,35000000.0,10000000.0,0,0.0,0,20,20
4.2,2115,1100000.0,500000.0,0,0.0,0,4,4
4.6,4011,2600000.0,500000.0,0,0.0,3,5,5
4.5,456866,12000000.0,10000000.0,0,0.0,3,24,29
4.2,3200,12000000.0,100000.0,0,0.0,2,9,9
4.4,22430188,74000000.0,500000000.0,0,0.0,0,19,19
4.4,5282558,12000000.0,100000000.0,0,0.0,0,23,27
4.3,247,4000000.0,10000.0,0,0.0,0,2,2
4.4,7731,24000000.0,100000.0,0,0.0,0,13,13
4.8,1697,17000000.0,100000.0,0,0.0,0,5,5
3.7,38606,96000000.0,1000000.0,0,0.0,0,11,40
4.4,166363,1800000.0,5000000.0,0,0.0,0,7,7
4.1,235486,63000000.0,10000000.0,0,0.0,3,11,40
4.1,21,20000000.0,1000.0,0,0.0,0,6,6
4.6,2654,6700000.0,100000.0,0,0.0,0,11,0
4.6,50060,98000000.0,1000000.0,0,0.0,0,11,39
4.7,15,5200000.0,1000.0,0,0.0,0,11,0
4.4,86961,99000000.0,10000000.0,0,0.0,0,11,58
4.8,22290,13000000.0,500000.0,0,0.0,0,11,36
4.2,287,12000000.0,50000.0,0,0.0,0,17,17
4.4,36880,4000000.0,1000000.0,0,0.0,0,18,18
3.9,11,27000000.0,500.0,1,4.99,0,11,0
4.2,38473,23000000.0,10000000.0,0,0.0,0,11,44
2.4,551,903000.0,100000.0,0,0.0,0,5,5
4.7,55,3300000.0,1000.0,0,0.0,0,11,19
3.4,2445,34000000.0,500000.0,0,0.0,0,11,40
4.0,105,7500000.0,10000.0,0,0.0,0,11,23
4.3,10600,6500000.0,1000000.0,0,0.0,0,3,3
2.1,83,4800000.0,5000.0,0,0.0,0,30,48
4.4,3156484,53000000.0,100000000.0,0,0.0,0,23,27
3.5,1405,7300000.0,100000.0,0,0.0,0,0,0
4.0,2155,15000000.0,500000.0,0,0.0,0,30,48
3.5,28,121000.0,1000.0,0,0.0,0,10,10
4.7,19,7300000.0,100.0,0,0.0,0,6,6
4.2,4828372,12000000.0,1000000000.0,0,0.0,3,24,29
4.0,10743,12000000.0,500000.0,0,0.0,3,24,29
5.0,20,1200000.0,100.0,0,0.0,3,24,29
3.3,14,11000000.0,1000.0,0,0.0,0,11,0
3.2,54,7700000.0,1000.0,0,0.0,0,3,3
4.5,116403,12000000.0,5000000.0,0,0.0,0,20,20
4.7,410384,12000000.0,10000000.0,0,0.0,0,5,5
4.2,11838,9200000.0,1000000.0,0,0.0,0,8,8
4.1,382,2300000.0,50000.0,0,0.0,0,18,18
5.0,15,4500000.0,100.0,0,0.0,0,10,10
3.5,35,16000000.0,1000.0,0,0.0,1,14,14
4.8,138,2100000.0,10000.0,0,0.0,0,11,0
3.9,878065,13000000.0,1000000000.0,0,0.0,3,21,24
4.0,3840,2500000.0,100000.0,0,0.0,0,7,7
3.0,2,33000000.0,100.0,0,0.0,0,11,40
4.4,464,8900000.0,100000.0,0,0.0,0,9,9
4.2,6762,8500000.0,1000000.0,0,0.0,0,27,37
4.2,30847,55000000.0,5000000.0,0,0.0,0,3,3
4.2,45,14000000.0,1000.0,1,4.99,0,6,6
4.0,293080,25000000.0,10000000.0,0,0.0,2,21,24
4.5,11,3400000.0,1000.0,0,0.0,0,10,10
4.4,31614,37000000.0,10000000.0,0,0.0,0,3,3
3.9,95537,58000000.0,10000000.0,0,0.0,0,11,50
4.7,10,2000000.0,500.0,0,0.0,0,22,26
4.0,13085,2700000.0,1000000.0,0,0.0,3,22,26
3.3,294,19000000.0,10000.0,0,0.0,0,19,33
2.0,207,2900000.0,10000.0,0,0.0,0,13,13
5.0,1,3200000.0,50.0,0,0.0,0,10,10
4.1,132014,25000000.0,10000000.0,0,0.0,0,18,18
4.7,416540,99000000.0,10000000.0,0,0.0,2,19,55
3.7,27560,46000000.0,5000000.0,0,0.0,0,27,37
4.8,116986,35000000.0,5000000.0,0,0.0,0,30,48
4.5,163,375000.0,10000.0,1,1.99,0,6,6
4.2,67772,12000000.0,5000000.0,0,0.0,0,4,4
4.5,1079616,12000000.0,100000000.0,0,0.0,0,2,2
4.5,14200344,52000000.0,100000000.0,0,0.0,0,19,5
4.2,93726,9200000.0,5000000.0,0,0.0,0,23,27
4.2,137167,52000000.0,1000000.0,0,0.0,0,11,35
4.4,33646,7000000.0,1000000.0,0,0.0,0,0,0
3.9,404,2200000.0,100000.0,0,0.0,0,19,33
4.1,3371,78000000.0,100000.0,0,0.0,3,19,22
4.4,616742,12000000.0,10000000.0,0,0.0,0,8,8
4.5,295430,1400000.0,10000000.0,0,0.0,0,7,7
4.4,63,7600000.0,10000.0,0,0.0,0,11,40
4.0,9,3100000.0,500.0,0,0.0,0,2,2
4.2,5369,60000000.0,500000.0,0,0.0,0,11,36
4.6,10,25000000.0,100.0,0,0.0,0,8,8
4.2,1608,39000000.0,100000.0,0,0.0,0,17,17
4.1,18539,57000000.0,1000000.0,0,0.0,0,17,17
3.1,52,9800000.0,5000.0,0,0.0,0,11,40
4.3,4785988,11000000.0,500000000.0,0,0.0,0,18,18
3.8,5211,26000000.0,1000000.0,0,0.0,0,3,3
4.5,43,28000000.0,10000.0,0,0.0,0,12,12
4.1,459795,12000000.0,50000000.0,0,0.0,0,5,5
4.8,10,516000.0,100.0,1,1.49,0,18,18
4.3,398746,12000000.0,10000000.0,0,0.0,2,11,35
4.3,2142,47000000.0,50000.0,0,0.0,2,11,55
2.7,8346,12000000.0,1000000.0,0,0.0,0,3,3
4.6,21189,36000000.0,1000000.0,0,0.0,0,6,6
4.0,13085,2700000.0,1000000.0,0,0.0,3,22,26
4.3,144040,29000000.0,5000000.0,0,0.0,3,19,22
4.4,569,2600000.0,50000.0,0,0.0,0,15,15
4.2,521138,12000000.0,10000000.0,0,0.0,2,5,5
4.5,1579343,12000000.0,100000000.0,0,0.0,0,23,27
4.0,142,2500000.0,50000.0,0,0.0,0,18,18
4.3,219,4300000.0,5000.0,0,0.0,0,11,40
4.1,28301,12000000.0,1000000.0,0,0.0,0,10,10
4.2,56403,49000000.0,5000000.0,0,0.0,0,2,2
4.5,67611,21000000.0,1000000.0,0,0.0,1,24,29
4.3,131028,13000000.0,5000000.0,0,0.0,3,21,24
4.4,1107310,12000000.0,10000000.0,0,0.0,3,19,43
4.2,115773,12000000.0,10000000.0,0,0.0,0,12,12
4.3,59152,50000000.0,1000000.0,0,0.0,2,11,55
4.2,25726,51000000.0,1000000.0,0,0.0,0,27,37
3.2,39,12000000.0,10000.0,0,0.0,0,15,15
4.4,578,704000.0,10000.0,1,0.99,0,6,6
4.6,94989,74000000.0,5000000.0,0,0.0,3,11,23
4.5,23,31000000.0,5000.0,0,0.0,0,28,38
4.4,6715,9500000.0,500000.0,0,0.0,1,11,40
4.5,4450855,67000000.0,100000000.0,0,0.0,2,11,56
2.7,36,18000000.0,1000.0,0,0.0,0,13,13
4.5,399009,12000000.0,10000000.0,0,0.0,0,17,17
4.3,260,193000.0,10000.0,0,0.0,0,18,18
4.1,15246,78000000.0,1000000.0,0,0.0,0,11,59
3.9,164,33000000.0,10000.0,0,0.0,3,19,21
4.4,15911,16000000.0,1000000.0,0,0.0,0,7,7
3.0,2,16000000.0,500.0,0,0.0,0,6,6
4.5,182986,77000000.0,5000000.0,0,0.0,1,14,14
4.2,26307,12000000.0,1000000.0,0,0.0,3,11,55
4.2,11126,91000000.0,1000000.0,0,0.0,0,11,65
4.5,197,11000000.0,1000.0,1,2.99,0,11,58
5.0,5,15000000.0,100.0,0,0.0,0,10,10
3.8,824,53000000.0,1000000.0,0,0.0,0,1,1
4.4,7146,14000000.0,1000000.0,0,0.0,2,12,12
4.9,15883,21000000.0,100000.0,0,0.0,0,5,5
4.3,199,25000000.0,10000.0,0,0.0,0,22,26
4.5,762706,28000000.0,10000000.0,0,0.0,3,11,23
4.6,118034,12000000.0,5000000.0,0,0.0,0,10,10
4.6,990,9400000.0,100000.0,0,0.0,0,5,5
2.8,48,3300000.0,10000.0,0,0.0,0,7,7
4.8,4,23000000.0,10.0,1,14.99,3,11,19
4.5,65448,12000000.0,5000000.0,0,0.0,0,8,8
4.2,42767,72000000.0,1000000.0,0,0.0,0,5,5
3.3,9663,19000000.0,1000000.0,0,0.0,0,10,10
5.0,44,2800000.0,100.0,0,0.0,0,23,27
4.3,269,647000.0,50000.0,0,0.0,0,7,7
4.5,53,5900000.0,10000.0,0,0.0,3,21,24
4.7,25,1200000.0,1000.0,1,4.99,0,6,6
4.0,1007,7400000.0,100000.0,0,0.0,0,11,40
4.0,11656,4500000.0,1000000.0,0,0.0,0,31,40
4.6,29445,29000000.0,5000000.0,0,0.0,0,19,19
4.6,5305,12000000.0,100000.0,0,0.0,0,5,5
4.5,502,2000000.0,10000.0,0,0.0,0,7,7
4.5,130104,25000000.0,10000000.0,0,0.0,0,17,17
4.3,445,29000000.0,50000.0,0,0.0,0,11,40
4.6,8,1100000.0,1000.0,0,0.0,0,18,18
4.0,154,58000000.0,50000.0,0,0.0,3,11,66
4.5,302,3000000.0,50000.0,0,0.0,0,11,0
4.4,146,3900000.0,10000.0,0,0.0,3,11,40
4.5,32386,19000000.0,1000000.0,0,0.0,0,5,5
4.6,666521,25000000.0,10000000.0,0,0.0,0,5,5
4.7,4856,18000000.0,50000.0,1,2.49,0,12,12
4.3,3522,15000000.0,100000.0,0,0.0,0,29,46
3.9,24123,69000000.0,1000000.0,0,0.0,3,11,40
4.2,219848,12000000.0,50000000.0,0,0.0,0,27,37
4.1,1019,39000000.0,100000.0,0,0.0,3,19,22
4.4,12683,19000000.0,1000000.0,0,0.0,0,19,22
4.5,97,2600000.0,10000.0,0,0.0,0,11,40
3.8,826,5100000.0,500000.0,0,0.0,3,24,29
2.2,605,3800000.0,1000000.0,0,0.0,0,7,7
3.2,1011,12000000.0,100000.0,0,0.0,3,11,40
4.0,138,2400000.0,10000.0,0,0.0,0,18,18
4.3,350,67000000.0,50000.0,0,0.0,0,19,22
4.2,123279,25000000.0,10000000.0,0,0.0,2,31,60
4.5,259,203000.0,10000.0,0,0.0,0,7,7
4.7,127,9500000.0,5000.0,0,0.0,0,12,12
4.2,67,15000000.0,10000.0,0,0.0,0,23,27
4.3,363,14000000.0,1000.0,1,2.99,2,11,19
4.5,35497,16000000.0,1000000.0,0,0.0,0,22,26
3.7,126,45000000.0,10000.0,0,0.0,0,11,19
4.8,59158,11000000.0,1000000.0,0,0.0,0,6,6
3.8,16,9900000.0,100.0,0,0.0,0,11,40
4.0,939,38000000.0,10000.0,0,0.0,0,11,55
4.4,37122,89000000.0,1000000.0,0,0.0,0,11,66
4.7,227401,91000000.0,5000000.0,0,0.0,0,11,36
4.3,955656,82000000.0,10000000.0,0,0.0,3,19,22
5.0,6,9200000.0,1000.0,0,0.0,0,11,0
4.4,31614,37000000.0,10000000.0,0,0.0,0,3,3
4.4,1852384,12000000.0,10000000.0,0,0.0,0,11,23
4.0,47,4500000.0,1000.0,0,0.0,0,10,10
4.5,216849,12000000.0,10000000.0,0,0.0,0,19,62
4.5,343263,12000000.0,10000000.0,0,0.0,2,19,22
4.8,12705,15000000.0,1000000.0,0,0.0,0,17,17
4.1,483960,12000000.0,10000000.0,0,0.0,3,20,20
4.4,1721943,26000000.0,10000000.0,0,0.0,0,5,5
4.0,13,26000000.0,5000.0,0,0.0,0,11,0
3.7,668,1100000.0,100000.0,0,0.0,0,22,26
4.5,162243,12000000.0,10000000.0,0,0.0,0,29,46
4.0,5118,11000000.0,1000000.0,0,0.0,0,11,0
4.4,2473509,12000000.0,100000000.0,0,0.0,0,18,18
4.4,2123793,49000000.0,100000000.0,0,0.0,0,19,36
3.5,339,12000000.0,100000.0,0,0.0,0,11,40
4.2,44829,20000000.0,10000000.0,0,0.0,3,25,31
4.2,2506,6100000.0,500000.0,0,0.0,1,14,14
3.5,268,9800000.0,10000.0,0,0.0,0,11,0
4.5,3673,5800000.0,500000.0,0,0.0,0,7,7
4.1,203,6100000.0,100000.0,0,0.0,0,25,31
4.6,44,45000000.0,10000.0,0,0.0,0,11,19
4.2,28390,38000000.0,5000000.0,0,0.0,0,23,27
4.0,196,9000000.0,10000.0,0,0.0,2,20,20
4.0,3,6300000.0,500.0,0,0.0,0,3,3
4.2,8484,1700000.0,1000000.0,0,0.0,0,7,7
3.9,2362,25000000.0,100000.0,0,0.0,0,19,22
3.7,492,12000000.0,100000.0,0,0.0,2,10,10
4.2,3235,32000000.0,1000000.0,0,0.0,0,11,67
4.5,231,5700000.0,5000.0,1,0.99,0,10,10
4.2,2129707,12000000.0,1000000000.0,0,0.0,0,27,37
4.3,3213548,55000000.0,100000000.0,0,0.0,2,11,40
4.6,167974,5000000.0,500000.0,0,0.0,0,11,40
3.9,8674,19000000.0,1000000.0,0,0.0,3,31,40
4.5,4487182,55000000.0,50000000.0,0,0.0,3,19,22
4.5,85,25000000.0,10000.0,0,0.0,0,11,40
4.3,45370,14000000.0,1000000.0,0,0.0,3,11,23
2.0,11,6200000.0,1000.0,0,0.0,0,10,10
4.2,20364,45000000.0,5000000.0,0,0.0,0,19,25
4.1,672089,73000000.0,50000000.0,0,0.0,0,11,67
3.8,43,22000000.0,10000.0,0,0.0,0,27,37
4.3,807226,34000000.0,10000000.0,0,0.0,3,19,22
4.4,24265,3300000.0,1000000.0,0,0.0,0,7,7
4.2,220,15000000.0,50000.0,0,0.0,0,10,10
4.8,256079,7600000.0,1000000.0,0,0.0,3,0,0
4.2,6,89000.0,50.0,1,0.99,0,12,12
4.2,63699,2300000.0,5000000.0,0,0.0,3,12,12
3.6,28,48000000.0,500.0,1,2.99,0,5,5
4.2,83558,12000000.0,5000000.0,0,0.0,0,21,24
4.2,5084,9600000.0,100000.0,0,0.0,1,14,14
4.3,479594,18000000.0,10000000.0,0,0.0,3,21,24
3.8,21314,41000000.0,1000000.0,0,0.0,0,20,20
4.0,8550,15000000.0,1000000.0,0,0.0,0,2,2
4.3,23175,41000000.0,1000000.0,0,0.0,0,3,3
4.6,60562,15000000.0,5000000.0,0,0.0,1,24,29
3.1,192,66000000.0,10000.0,0,0.0,0,11,0
4.6,3090727,12000000.0,100000000.0,0,0.0,0,7,7
3.1,269,39000000.0,50000.0,0,0.0,3,11,66
2.7,1486,14000000.0,100000.0,0,0.0,0,19,41
3.8,108,2800000.0,10000.0,0,0.0,3,24,29
2.9,6627,18000000.0,500000.0,0,0.0,0,10,10
4.7,147,4200000.0,10000.0,0,0.0,0,7,7
4.1,200058,18000000.0,10000000.0,0,0.0,0,0,0
5.0,5,7200000.0,50.0,1,1.75,0,16,16
5.0,3,5500000.0,500.0,0,0.0,0,11,40
3.6,32862,14000000.0,10000000.0,0,0.0,0,27,37
4.3,160,67000000.0,50000.0,0,0.0,0,11,11
3.9,47,270000.0,1000.0,1,14.99,0,7,7
4.2,24953,12000000.0,1000000.0,0,0.0,0,22,26
4.5,175293,12000000.0,10000000.0,0,0.0,0,29,46
4.0,983,7200000.0,100000.0,0,0.0,0,11,0
3.9,109,7500000.0,10000.0,0,0.0,0,11,40
4.0,179,14000000.0,50000.0,1,0.99,0,11,36
4.2,3909032,51000000.0,100000000.0,0,0.0,0,5,5
4.2,636,4000000.0,100000.0,0,0.0,0,11,19
5.0,2,8300000.000000001,50.0,0,0.0,0,17,17
5.0,6,5000000.0,100.0,0,0.0,1,14,14
4.5,155944,35000000.0,5000000.0,0,0.0,0,20,20
4.3,616,25000000.0,10000.0,0,0.0,3,11,19
4.5,3320,8300000.000000001,100000.0,0,0.0,0,6,6
2.1,232,29000000.0,10000.0,0,0.0,0,13,13
4.2,23291,14000000.0,1000000.0,0,0.0,2,21,24
4.3,245455,84000000.0,10000000.0,0,0.0,2,19,22
4.4,753115,12000000.0,50000000.0,0,0.0,0,23,27
5.0,3,22000000.0,100.0,0,0.0,0,6,6
4.6,36857,19000000.0,1000000.0,0,0.0,0,29,46
4.1,347883,20000000.0,10000000.0,0,0.0,0,19,22
4.6,26919,12000000.0,100000.0,1,5.99,0,2,2
4.5,432,63000000.0,100000.0,0,0.0,2,11,50
4.0,967,22000000.0,100000.0,0,0.0,0,13,13
4.4,186648,42000000.0,10000000.0,0,0.0,0,30,48
4.3,109124,22000000.0,10000000.0,0,0.0,0,22,26
4.5,278,12000000.0,100000.0,0,0.0,0,11,68
4.5,1237135,12000000.0,50000000.0,0,0.0,0,12,12
4.4,3031,12000000.0,500000.0,0,0.0,0,2,2
4.1,309872,85000000.0,10000000.0,0,0.0,3,24,29
4.5,176,19000000.0,10000.0,0,0.0,0,3,3
4.6,338742,48000000.0,5000000.0,0,0.0,3,19,22
3.2,320,31000000.0,50000.0,0,0.0,0,10,10
4.3,4435,7900000.0,500000.0,0,0.0,0,29,46
3.0,2,82000000.0,500.0,1,2.99,0,11,42
4.4,55,63000000.0,1000.0,1,4.49,0,5,5
3.6,33,71000000.0,5000.0,0,0.0,3,19,49
4.2,501498,12000000.0,100000000.0,0,0.0,3,31,40
3.9,54,2800000.0,10000.0,0,0.0,0,7,7
4.9,36,9400000.0,1000.0,0,0.0,3,11,0
4.3,246201,12000000.0,10000000.0,0,0.0,0,10,10
3.9,100994,54000000.0,5000000.0,0,0.0,0,4,4
4.3,59,1400000.0,1000.0,0,0.0,0,19,45
3.9,8936,12000000.0,500000.0,0,0.0,0,24,29
4.0,319691,12000000.0,10000000.0,0,0.0,3,31,40
4.4,5566889,97000000.0,100000000.0,0,0.0,0,19,33
4.0,18976,35000000.0,1000000.0,0,0.0,2,21,24
4.3,7557,5600000.0,1000000.0,0,0.0,0,15,15
4.4,401530,12000000.0,10000000.0,0,0.0,0,18,18
4.4,1351833,12000000.0,10000000.0,0,0.0,3,19,22
4.2,40676,25000000.0,1000000.0,0,0.0,0,7,7
3.0,2750,39000000.0,5000000.0,0,0.0,0,27,37
3.4,256,9100000.0,50000.0,0,0.0,0,19,22
4.6,484981,2100000.0,10000000.0,0,0.0,0,12,12
4.3,46,2000000.0,10000.0,0,0.0,0,6,6
4.5,214265,12000000.0,10000000.0,0,0.0,0,7,7
4.6,37862,5400000.0,1000000.0,0,0.0,0,0,0
4.6,251618,93000000.0,10000000.0,0,0.0,0,17,17
4.7,7,5400000.0,1000.0,0,0.0,0,11,0
4.2,11,3100000.0,500.0,1,0.99,0,7,7
4.4,27275,8300000.000000001,1000000.0,0,0.0,3,22,26
4.2,112384,5000000.0,5000000.0,0,0.0,0,17,17
4.4,131,48000000.0,100000.0,0,0.0,0,11,68
4.3,22401,4600000.0,500000.0,0,0.0,0,16,16
4.4,1031,48000000.0,100000.0,0,0.0,0,11,40
4.1,22782,351000.0,1000000.0,0,0.0,0,18,18
4.2,8,19000000.0,100.0,0,0.0,3,3,3
4.2,27156,12000000.0,1000000.0,0,0.0,0,18,18
4.6,224399,31000000.0,10000000.0,0,0.0,0,25,31
3.8,14653,12000000.0,1000000.0,0,0.0,0,29,46
3.8,17,30000000.0,1000.0,0,0.0,0,19,33
4.4,11,4600000.0,500.0,0,0.0,0,13,13
4.4,4756,33000000.0,100000.0,0,0.0,0,11,23
4.5,4830407,32000000.0,50000000.0,0,0.0,1,19,22
4.2,257,44000000.0,10000.0,0,0.0,0,13,13
4.0,1763,12000000.0,10000.0,1,1.49,0,11,51
4.3,44071,56000000.0,5000000.0,0,0.0,0,22,26
4.4,48930,15000000.0,5000000.0,0,0.0,0,27,37
4.7,84389,48000000.0,1000000.0,0,0.0,0,11,55
3.7,41917,14000000.0,10000000.0,0,0.0,0,10,10
4.7,139258,12000000.0,5000000.0,0,0.0,0,12,12
4.5,10847682,12000000.0,1000000000.0,0,0.0,0,23,27
4.8,52,1900000.0,5000.0,0,0.0,0,7,7
4.3,240,65000000.0,50000.0,0,0.0,3,19,22
3.7,9514,7000000.0,500000.0,0,0.0,0,7,7
3.9,356,12000000.0,100000.0,0,0.0,0,30,48
3.8,4813,5100000.0,100000.0,0,0.0,0,23,27
4.3,1305050,12000000.0,50000000.0,0,0.0,2,19,43
4.0,488,17000000.0,100000.0,0,0.0,0,6,6
4.2,226456,12000000.0,10000000.0,0,0.0,0,2,2
4.5,11,25000000.0,1000.0,0,0.0,0,6,6
4.3,327,13000000.0,10000.0,0,0.0,0,3,3
4.4,13714,41000000.0,1000000.0,0,0.0,2,19,22
4.5,118,72000000.0,50000.0,0,0.0,0,29,46
4.3,556929,53000000.0,10000000.0,0,0.0,3,11,19
4.6,168487,6400000.0,10000000.0,0,0.0,0,7,7
4.6,26,7200000.0,500.0,0,0.0,0,23,27
4.5,49794,6500000.0,1000000.0,0,0.0,0,2,2
2.6,85,6000000.0,5000.0,0,0.0,0,2,2
4.2,250197,44000000.0,5000000.0,0,0.0,3,19,22
4.3,923,12000000.0,10000.0,1,2.99,0,11,35
4.3,14110,6800000.0,1000000.0,0,0.0,0,8,8
3.8,5868,20000000.0,500000.0,0,0.0,0,3,3
4.6,751911,12000000.0,10000000.0,0,0.0,0,15,15
2.9,30,4800000.0,5000.0,0,0.0,0,8,8
4.3,693,32000000.0,100000.0,0,0.0,3,13,13
4.2,2543,4600000.0,100000.0,0,0.0,0,29,46
4.3,374,26000000.0,100000.0,0,0.0,0,11,0
3.8,11,17000000.0,1000.0,0,0.0,0,23,27
4.6,351267,5000000.0,10000000.0,0,0.0,0,7,7
4.4,32881,76000000.0,1000000.0,0,0.0,0,5,5
4.3,3,39000000.0,10.0,0,0.0,1,19,22
4.6,7,2700000.0,1000.0,0,0.0,0,6,6
4.1,70,3500000.0,500.0,1,0.99,0,16,16
4.1,205803,12000000.0,5000000.0,0,0.0,3,24,29
4.1,59768,12000000.0,10000000.0,0,0.0,0,11,68
4.4,55525,22000000.0,10000000.0,0,0.0,0,12,12
4.1,39895,25000000.0,5000000.0,0,0.0,1,19,43
4.5,559,32000000.0,100000.0,0,0.0,2,19,22
3.9,9941,12000000.0,1000000.0,0,0.0,3,31,40
4.5,155466,12000000.0,10000000.0,0,0.0,3,16,16
4.5,183846,99000000.0,10000000.0,0,0.0,0,19,22
4.9,21119,48000000.0,100000.0,1,4.99,0,19,36
4.0,11,9400000.0,1000.0,0,0.0,0,11,0
4.5,181983,12000000.0,10000000.0,0,0.0,0,22,26
4.2,5,40000000.0,50.0,1,1.49,0,11,36
4.1,10786,4300000.0,1000000.0,0,0.0,0,7,7
3.5,13202,6100000.0,1000000.0,0,0.0,1,14,14
4.5,5465624,53000000.0,100000000.0,0,0.0,3,19,22
4.5,787107,12000000.0,10000000.0,0,0.0,0,11,40
2.9,97,9900000.0,10000.0,0,0.0,0,3,3
4.6,9394,33000000.0,100000.0,1,4.99,0,19,36
4.6,11677,19000000.0,1000000.0,0,0.0,0,23,27
4.7,620534,9800000.0,10000000.0,0,0.0,0,27,37
2.3,74,2600000.0,10000.0,0,0.0,0,17,17
3.6,126,1400000.0,5000.0,1,2.49,0,10,10
4.4,3358,17000000.0,100000.0,1,14.99,0,11,55
4.3,20,4800000.0,500.0,0,0.0,0,13,13
1.0,2,21000000.0,1000.0,0,0.0,0,11,0
4.7,11,2200000.0,1000.0,0,0.0,0,13,13
4.3,68070,12000000.0,5000000.0,0,0.0,0,23,27
4.5,1579287,12000000.0,100000000.0,0,0.0,0,23,27
4.1,1129,1700000.0,10000.0,1,0.99,0,7,7
3.9,27424,12000000.0,1000000.0,0,0.0,3,31,40
4.5,972256,20000000.0,50000000.0,0,0.0,3,22,26
3.8,183,9900000.0,50000.0,0,0.0,0,3,3
4.3,109,2700000.0,5000.0,0,0.0,0,11,0
4.0,10447,36000000.0,1000000.0,0,0.0,0,11,59
3.0,245,3500000.0,10000.0,0,0.0,0,7,7
3.1,112,8800000.0,1000.0,1,0.99,0,12,12
3.0,4,8000000.0,1000.0,0,0.0,0,11,40
3.8,1343,9000000.0,100000.0,0,0.0,0,2,2
4.1,15057,5700000.0,500000.0,0,0.0,0,13,13
4.1,44,13000000.0,1000.0,0,0.0,0,13,13
4.4,4066989,69000000.0,100000000.0,0,0.0,2,19,35
3.7,187,54000000.0,10000.0,0,0.0,0,11,23
4.1,23609,31000000.0,1000000.0,0,0.0,3,11,19
4.4,1279109,12000000.0,100000000.0,0,0.0,0,7,7
4.5,315908,52000000.0,10000000.0,0,0.0,0,22,26
4.5,175,12000000.0,10000.0,0,0.0,0,13,13
4.3,55408,12000000.0,1000000.0,0,0.0,0,11,0
4.3,1311,14000000.0,10000.0,0,0.0,0,11,0
4.2,46416,73000000.0,10000000.0,0,0.0,0,19,33
4.5,49381,6800000.0,1000000.0,0,0.0,0,11,36
3.3,335738,12000000.0,10000000.0,0,0.0,0,13,13
4.8,17,14000000.0,500.0,0,0.0,0,17,17
4.1,285816,12000000.0,10000000.0,0,0.0,1,24,29
5.0,3,6300000.0,500.0,0,0.0,0,11,40
4.0,211,37000000.0,10000.0,0,0.0,0,11,40
4.5,56,26000000.0,10000.0,1,0.99,0,12,12
4.4,14,17000000.0,100.0,0,0.0,0,18,18
4.3,28151,17000000.0,1000000.0,0,0.0,2,11,55
4.3,4865093,51000000.0,100000000.0,0,0.0,0,23,27
4.5,1388,3300000.0,100000.0,0,0.0,0,6,6
5.0,1,12000000.0,50.0,0,0.0,0,17,17
4.0,26,8500000.0,1000.0,0,0.0,0,23,27
4.0,8769,2100000.0,1000000.0,0,0.0,0,18,18
4.0,2596,32000000.0,500000.0,0,0.0,0,7,7
4.4,46916,4500000.0,1000000.0,0,0.0,0,31,40
4.1,3674,61000000.0,500000.0,0,0.0,0,27,37
4.3,34062,85000000.0,1000000.0,0,0.0,0,5,5
5.0,7,19000000.0,5.0,0,0.0,0,19,33
3.7,310066,12000000.0,10000000.0,0,0.0,3,31,40
3.7,2094,34000000.0,100000.0,0,0.0,0,22,26
4.6,62740,8600000.0,500000.0,0,0.0,1,21,24
1.7,14,13000000.0,1000.0,0,0.0,0,20,20
4.4,84957,12000000.0,1000000.0,0,0.0,2,21,24
4.2,521138,12000000.0,10000000.0,0,0.0,2,5,5
4.3,23005,12000000.0,5000000.0,0,0.0,0,19,33
4.8,10295,39000000.0,100000.0,1,4.99,0,3,3
3.4,41490,25000000.0,5000000.0,0,0.0,3,21,24
3.6,135,75000000.0,10000.0,0,0.0,2,11,55
4.6,617,12000000.0,10000.0,1,1.99,0,23,27
3.4,202,12000000.0,10000.0,0,0.0,0,7,7
2.9,320,23000000.0,10000.0,0,0.0,0,13,13
4.2,4074,1300000.0,500000.0,0,0.0,0,15,15
4.9,16,10000000.0,100.0,0,0.0,0,11,0
4.4,6190,23000000.0,1000000.0,0,0.0,0,11,50
4.5,684116,12000000.0,10000000.0,0,0.0,3,31,40
4.4,128,6700000.0,50000.0,0,0.0,0,3,3
4.5,32344,29000000.0,1000000.0,1,0.99,0,19,43
4.2,210317,46000000.0,10000000.0,0,0.0,2,19,43
4.5,3777822,75000000.0,100000000.0,0,0.0,0,19,33
4.3,36,1100000.0,5000.0,0,0.0,0,11,0
3.9,42370,37000000.0,1000000.0,0,0.0,0,18,18
4.3,253,12000000.0,5000.0,1,3.99,0,2,2
4.1,71432,3800000.0,5000000.0,0,0.0,0,2,2
4.7,39,20000000.0,1000.0,0,0.0,0,13,13
5.0,9,25000000.0,50.0,0,0.0,0,2,2
4.8,133,59000000.0,1000.0,1,2.49,0,12,12
3.9,3971,3600000.0,100000.0,0,0.0,0,30,48
4.6,539,99000000.0,50000.0,0,0.0,0,28,38
3.9,783,3400000.0,100000.0,0,0.0,0,19,41
4.0,59223,46000000.0,5000000.0,0,0.0,3,19,22
4.5,1827,12000000.0,100000.0,0,0.0,0,11,0
4.1,305708,12000000.0,10000000.0,0,0.0,1,14,14
3.5,628,12000000.0,100000.0,0,0.0,0,10,10
4.7,403911,23000000.0,10000000.0,0,0.0,0,19,21
4.3,100,13000000.0,5000.0,0,0.0,0,27,37
4.4,382,44000000.0,500000.0,0,0.0,0,11,57
4.1,2683,20000000.0,50000.0,0,0.0,2,11,19
4.4,20921,5700000.0,1000000.0,0,0.0,0,3,3
3.1,212,12000000.0,50000.0,0,0.0,0,10,10
4.1,79464,27000000.0,1000000.0,0,0.0,0,5,5
4.9,23,28000000.0,1000.0,0,0.0,0,3,3
4.5,183669,57000000.0,5000000.0,0,0.0,0,17,17
4.5,1508137,37000000.0,100000000.0,0,0.0,0,2,2
4.3,1503544,40000000.0,50000000.0,0,0.0,3,11,35
4.5,1686,15000000.0,100000.0,0,0.0,0,6,6
4.3,16404,2300000.0,1000000.0,0,0.0,0,24,29
4.8,495,12000000.0,5000.0,0,0.0,0,13,13
2.9,90,30000000.0,10000.0,0,0.0,1,24,29
4.1,137674,72000000.0,5000000.0,0,0.0,3,11,55
5.0,32,7900000.0,1000.0,0,0.0,0,10,10
2.8,107441,32000000.0,1000000.0,0,0.0,0,11,58
4.1,17268,40000000.0,500000.0,0,0.0,1,14,14
3.9,19758,2900000.0,5000000.0,0,0.0,0,7,7
4.5,26834,57000000.0,1000000.0,0,0.0,0,26,34
3.7,10562,60000000.0,1000000.0,0,0.0,0,8,8
4.3,30403,12000000.0,5000000.0,0,0.0,0,27,37
3.1,421,53000000.0,100000.0,0,0.0,0,27,37
4.4,25,2900000.0,5000.0,0,0.0,0,18,18
4.0,3647,5700000.0,100000.0,0,0.0,0,21,24
4.0,5208,4500000.0,100000.0,0,0.0,3,10,10
3.8,36028,50000000.0,5000000.0,0,0.0,0,11,50
4.2,40209,12000000.0,1000000.0,0,0.0,0,0,0
4.3,542,33000000.0,100000.0,0,0.0,0,30,48
4.2,19473,12000000.0,1000000.0,0,0.0,0,6,6
4.4,13079,30000000.0,500000.0,0,0.0,2,19,43
3.9,145,5200000.0,50000.0,0,0.0,0,7,7
4.5,446434,52000000.0,10000000.0,0,0.0,0,19,21
4.5,492,39000000.0,10000.0,1,7.99,0,6,6
4.4,691474,12000000.0,100000000.0,0,0.0,0,2,2
4.5,6074627,100000000.0,100000000.0,0,0.0,3,19,33
4.1,190888,11000000.0,10000000.0,0,0.0,3,21,24
4.6,9,6900000.0,1000.0,0,0.0,0,11,0
2.4,11773,3300000.0,1000000.0,0,0.0,0,11,40
3.4,1995,43000000.0,100000.0,0,0.0,0,19,22
4.2,781810,12000000.0,100000000.0,0,0.0,0,18,18
3.9,76340,14000000.0,5000000.0,0,0.0,0,5,5
3.8,4,2900000.0,1000.0,0,0.0,0,6,6
4.7,14,27000000.0,1000.0,0,0.0,0,16,16
4.0,319691,12000000.0,10000000.0,0,0.0,3,31,40
4.3,160164,12000000.0,10000000.0,0,0.0,3,31,40
4.6,44881447,98000000.0,100000000.0,0,0.0,2,11,35
4.0,42197,12000000.0,5000000.0,0,0.0,1,14,14
4.4,1381820,54000000.0,10000000.0,0,0.0,3,19,22
3.9,5075,48000000.0,500000.0,0,0.0,0,11,23
4.1,797,6700000.0,50000.0,0,0.0,0,12,12
4.2,226,15000000.0,10000.0,0,0.0,2,24,29
3.5,23,37000000.0,1000.0,1,0.99,0,19,45
4.8,21,5400000.0,5000.0,0,0.0,0,11,0
4.5,96,12000000.0,10000.0,0,0.0,0,13,13
3.8,24,19000000.0,1000.0,0,0.0,1,14,14
4.0,8671,3100000.0,1000000.0,0,0.0,0,28,38
4.2,112725,12000000.0,5000000.0,0,0.0,0,5,5
4.1,138050,5700000.0,10000000.0,0,0.0,0,11,60
3.3,1601,3800000.0,500000.0,0,0.0,1,14,14
4.4,441189,12000000.0,10000000.0,0,0.0,0,24,29
4.3,21589,5600000.0,1000000.0,0,0.0,0,8,8
3.9,44,3300000.0,10000.0,0,0.0,0,2,2
4.3,1387,14000000.0,50000.0,0,0.0,0,5,5
4.5,3989,1100000.0,100000.0,0,0.0,0,12,12
4.4,4549,24000000.0,500000.0,0,0.0,0,5,5
4.3,148083,57000000.0,10000000.0,0,0.0,0,5,5
4.0,214,8900000.0,10000.0,0,0.0,0,17,17
4.4,32254,5500000.0,1000000.0,0,0.0,0,18,18
3.6,285,39000000.0,500000.0,0,0.0,0,27,37
4.2,868,309000.0,50000.0,0,0.0,0,12,12
4.2,52390,20000000.0,5000000.0,0,0.0,0,19,33
4.4,2508,6000000.0,500000.0,0,0.0,0,24,29
4.7,42,10000000.0,5000.0,0,0.0,0,12,12
4.3,3146,12000000.0,100000.0,0,0.0,0,11,70
4.7,247,28000000.0,100000.0,0,0.0,0,1,71
4.4,54082,21000000.0,10000000.0,0,0.0,0,19,43
4.3,131,5400000.0,50000.0,0,0.0,0,11,40
4.2,14428,1200000.0,1000000.0,0,0.0,0,2,2
3.7,4253,4099999.9999999995,100000.0,0,0.0,3,24,29
4.5,4027,8400000.0,100000.0,0,0.0,0,6,6
4.6,361734,58000000.0,5000000.0,0,0.0,0,11,44
4.4,11514,2200000.0,500000.0,0,0.0,0,27,37
4.1,80,48000000.0,5000.0,1,14.99,0,6,6
4.6,29673,57000000.0,1000000.0,0,0.0,1,5,5
4.8,19047,63000000.0,100000.0,0,0.0,3,24,29
2.8,1022,3800000.0,100000.0,0,0.0,0,23,27
4.4,6003590,12000000.0,100000000.0,0,0.0,3,22,26
4.5,19870,7400000.0,1000000.0,0,0.0,0,13,13
4.5,1819,10000000.0,100000.0,0,0.0,0,3,3
3.5,43,30000000.0,10000.0,0,0.0,0,10,10
4.4,17,1800000.0,1000.0,1,9.99,2,6,6
4.4,95080,3100000.0,10000000.0,0,0.0,0,7,7
4.5,56,12000000.0,1000.0,0,0.0,0,3,3
4.2,1484,41000000.0,100000.0,0,0.0,0,11,35
4.6,7672495,12000000.0,100000000.0,0,0.0,1,19,22
3.9,65119,46000000.0,1000000.0,0,0.0,2,11,35
4.1,78158306,12000000.0,1000000000.0,0,0.0,3,24,29
4.6,52,12000000.0,1000.0,0,0.0,0,3,3
4.5,1014822,56000000.0,50000000.0,0,0.0,0,11,65
4.3,1157004,34000000.0,50000000.0,0,0.0,0,24,29
4.2,829753,48000000.0,50000000.0,0,0.0,0,19,33
4.6,181893,18000000.0,10000000.0,0,0.0,2,0,0
4.1,905,4000000.0,50000.0,0,0.0,0,21,24
4.4,5566908,97000000.0,100000000.0,0,0.0,0,19,33
5.0,2,35000000.0,10.0,1,0.99,0,12,12
3.8,9513,82000000.0,100000.0,0,0.0,2,11,35
4.4,969,26000000.0,50000.0,0,0.0,0,11,67
3.1,10006,53000000.0,1000000.0,0,0.0,0,10,10
4.2,89342,29000000.0,10000000.0,0,0.0,0,12,12
4.1,11179,19000000.0,1000000.0,0,0.0,3,11,55
4.6,117,13000000.0,10000.0,0,0.0,0,11,0
4.2,1485806,33000000.0,100000000.0,0,0.0,0,19,22
3.4,620,40000000.0,100000.0,0,0.0,0,22,26
4.3,36,12000000.0,5000.0,0,0.0,0,7,7
4.6,6702776,17000000.0,100000000.0,0,0.0,3,12,12
4.6,243747,12000000.0,10000000.0,0,0.0,3,31,40
4.6,3596,19000000.0,100000.0,0,0.0,0,13,13
4.0,68559,75000000.0,5000000.0,0,0.0,0,11,72
4.0,41986,26000000.0,5000000.0,0,0.0,3,22,26
4.4,3017,39000000.0,500000.0,0,0.0,1,19,43
4.2,128,41000000.0,10000.0,0,0.0,2,11,35
3.7,10490,5800000.0,1000000.0,0,0.0,0,2,2
3.3,555,31000000.0,50000.0,0,0.0,0,8,8
4.3,28009,17000000.0,5000000.0,0,0.0,0,20,20
3.5,1960,2700000.0,1000000.0,0,0.0,0,7,7
4.0,2789775,68000000.0,100000000.0,0,0.0,1,10,10
4.6,1451000,12000000.0,50000000.0,0,0.0,0,23,27
4.8,55,1500000.0,1000.0,0,0.0,0,11,0
3.2,148,9200000.0,50000.0,0,0.0,0,7,7
4.6,2006,69000000.0,50000.0,0,0.0,0,6,6
5.0,14,2600000.0,100.0,0,0.0,0,10,10
3.9,7972,88000000.0,500000.0,0,0.0,3,19,22
2.7,135,6500000.0,10000.0,0,0.0,0,10,10
4.4,167,5600000.0,50000.0,0,0.0,0,25,31
4.0,29707,18000000.0,1000000.0,0,0.0,0,23,27
4.3,1064049,12000000.0,50000000.0,0,0.0,1,24,29
3.0,26,15000000.0,1000.0,0,0.0,0,5,5
3.5,54,186000.0,10000.0,0,0.0,0,15,15
4.7,990491,75000000.0,10000000.0,0,0.0,0,19,22
4.4,135952,12000000.0,5000000.0,0,0.0,0,13,13
4.4,37000,15000000.0,1000000.0,0,0.0,1,31,40
4.6,16771865,12000000.0,100000000.0,0,0.0,0,7,7
4.4,69395,12000000.0,10000000.0,0,0.0,0,17,17
4.6,129,2900000.0,10000.0,1,5.49,0,6,6
4.4,279917,12000000.0,10000000.0,0,0.0,0,4,4
4.2,33,53000000.0,1000.0,1,3.99,0,6,6
4.2,91,3800000.0,10000.0,0,0.0,0,11,40
4.3,29331,20000000.0,5000000.0,0,0.0,0,3,3
4.0,5,1600000.0,500.0,0,0.0,0,7,7
4.8,440,920000.0,500000.0,0,0.0,0,12,12
4.9,10,14000000.0,500.0,0,0.0,0,5,5
4.3,64884,37000000.0,5000000.0,0,0.0,0,11,23
4.4,36268,41000000.0,1000000.0,0,0.0,3,11,40
4.6,45771,28000000.0,1000000.0,0,0.0,1,11,40
4.5,12,2000000.0,1000.0,0,0.0,3,23,27
4.7,20304,24000000.0,500000.0,0,0.0,0,10,10
4.3,4604483,12000000.0,1000000000.0,0,0.0,0,18,18
4.3,17506,17000000.0,1000000.0,0,0.0,0,16,16
4.2,109,30000000.0,10000.0,0,0.0,0,11,0
5.0,5,3200000.0,100.0,0,0.0,0,10,10
3.9,5510,32000000.0,1000000.0,0,0.0,0,5,5
3.9,8722,13000000.0,500000.0,0,0.0,1,14,14
3.4,18,45000000.0,1000.0,0,0.0,0,6,6
4.6,218451,4700000.0,10000000.0,0,0.0,0,16,16
4.5,625,26000000.0,100000.0,0,0.0,0,11,0
4.1,56,10000000.0,5000.0,0,0.0,0,24,29
4.5,58795,77000000.0,10000000.0,0,0.0,0,11,68
4.7,114,8600000.0,5000.0,0,0.0,0,3,3
4.6,3090680,12000000.0,100000000.0,0,0.0,0,7,7
4.3,242096,87000000.0,10000000.0,0,0.0,0,5,5
3.8,19,12000000.0,1000.0,0,0.0,0,11,40
4.5,937,35000000.0,10000.0,0,0.0,0,19,41
3.5,11,15000000.0,1000.0,0,0.0,0,16,16
4.0,1077,17000000.0,100000.0,0,0.0,0,20,20
1.7,686,6600000.0,10000.0,0,0.0,0,10,10
4.1,6231,8900000.0,100000.0,0,0.0,0,5,5
4.1,18968,32000000.0,5000000.0,0,0.0,3,10,10
4.2,8599,17000000.0,1000000.0,0,0.0,0,0,0
4.0,1545,74000000.0,100000.0,0,0.0,0,6,6
4.3,10,46000000.0,100.0,0,0.0,0,6,6
4.7,1730,16000000.0,100000.0,0,0.0,0,2,2
3.9,20,4800000.0,10000.0,0,0.0,0,19,21
4.7,23160,26000000.0,1000000.0,0,0.0,0,6,6
4.2,1259894,76000000.0,50000000.0,0,0.0,1,24,29
3.9,142693,21000000.0,5000000.0,0,0.0,3,19,22
3.7,321,1300000.0,50000.0,0,0.0,0,15,15
2.6,122,11000000.0,10000.0,0,0.0,0,27,37
4.2,1092106,43000000.0,50000000.0,0,0.0,0,19,54
4.2,2055,96000000.0,100000.0,0,0.0,3,19,35
4.5,153,12000000.0,10000.0,0,0.0,0,11,23
4.1,28250,12000000.0,10000000.0,0,0.0,0,7,7
4.1,63680,46000000.0,1000000.0,0,0.0,2,19,43
4.0,67,2400000.0,10000.0,1,2.99,0,13,13
4.0,531,2300000.0,100000.0,0,0.0,0,6,6
3.7,29838,12000000.0,5000000.0,0,0.0,1,11,40
4.0,885,8000000.0,100000.0,0,0.0,0,7,7
4.3,14453,21000000.0,1000000.0,0,0.0,0,23,27
3.6,22875,22000000.0,1000000.0,0,0.0,0,20,20
4.5,13118,47000000.0,500000.0,0,0.0,3,19,43
3.7,98,9700000.0,10000.0,0,0.0,0,18,18
4.7,6297590,12000000.0,100000000.0,0,0.0,0,11,11
5.0,4,8300000.000000001,100.0,0,0.0,0,11,0
4.2,2180,55000000.0,100000.0,0,0.0,2,19,22
4.3,17,6000000.0,10000.0,0,0.0,0,6,6
4.7,2544,18000000.0,100000.0,0,0.0,0,0,0
4.5,6212081,15000000.0,100000000.0,0,0.0,0,22,26
4.6,3883589,57000000.0,100000000.0,0,0.0,0,19,19
4.6,40704,12000000.0,100000.0,1,4.49,0,12,12
4.1,51895,22000000.0,10000000.0,0,0.0,0,11,73
4.3,2468915,92000000.0,50000000.0,0,0.0,3,19,22
4.4,1063,18000000.0,50000.0,0,0.0,3,19,43
4.5,1455952,12000000.0,10000000.0,0,0.0,0,11,74
4.2,1013,58000000.0,50000.0,1,2.99,0,11,57
4.5,2951,16000000.0,50000.0,0,0.0,0,6,6
4.1,41,986000.0,10000.0,0,0.0,0,7,7
4.4,344383,30000000.0,10000000.0,0,0.0,0,11,19
4.6,66,2600000.0,5000.0,1,0.99,0,6,6
4.6,5546,85000000.0,100000.0,0,0.0,0,11,23
4.5,354454,71000000.0,10000000.0,0,0.0,0,11,68
4.4,31,4300000.0,1000.0,0,0.0,0,11,40
4.7,1201,2900000.0,100000.0,0,0.0,0,16,16
4.4,175509,12000000.0,10000000.0,0,0.0,0,11,40
3.5,400,4200000.0,100000.0,0,0.0,0,18,18
4.4,5637451,59000000.0,100000000.0,0,0.0,3,24,29
4.4,1657,4900000.0,100000.0,0,0.0,0,11,11
4.3,104389,12000000.0,5000000.0,0,0.0,0,19,43
4.4,578,704000.0,10000.0,1,0.99,0,6,6
4.6,101455,6200000.0,5000000.0,0,0.0,0,5,5
3.6,12764,25000000.0,1000000.0,0,0.0,3,15,15
4.0,45224,49000000.0,5000000.0,0,0.0,0,10,10
3.9,255,19000000.0,100000.0,0,0.0,0,5,5
4.1,21578,1600000.0,1000000.0,0,0.0,0,23,27
4.5,13,28000000.0,1000.0,0,0.0,0,10,10
4.1,45744,12000000.0,10000000.0,0,0.0,0,15,15
4.5,1564,35000000.0,50000.0,0,0.0,0,11,50
4.6,237,8500.0,50000.0,0,0.0,0,28,38
4.6,847159,4200000.0,10000000.0,0,0.0,0,23,27
4.5,26411,26000000.0,1000000.0,0,0.0,0,21,24
4.3,30002,29000000.0,1000000.0,0,0.0,3,19,49
3.5,16,21000000.0,1000.0,0,0.0,0,2,2
3.4,44,2800000.0,10000.0,0,0.0,1,24,29
4.2,593,4900000.0,100000.0,0,0.0,0,11,0
4.1,187,30000000.0,50000.0,0,0.0,3,26,34
4.3,267,2300000.0,50000.0,0,0.0,0,6,6
4.1,217730,12000000.0,50000000.0,0,0.0,0,3,3
4.3,1329008,97000000.0,50000000.0,0,0.0,0,11,68
4.8,216,12000000.0,10000.0,1,6.99,0,6,6
4.4,42069,12000000.0,1000000.0,0,0.0,3,11,40
4.0,78,2800000.0,5000.0,0,0.0,0,32,53
4.5,8193,41000000.0,500000.0,0,0.0,0,19,33
4.1,399,24000000.0,100000.0,0,0.0,0,9,9
4.3,206,18000000.0,50000.0,0,0.0,0,0,0
4.4,7,7500000.0,500.0,0,0.0,0,11,19
4.2,618562,12000000.0,50000000.0,0,0.0,0,8,8
4.2,329160,27000000.0,10000000.0,0,0.0,0,23,27
3.9,129272,11000000.0,10000000.0,0,0.0,0,23,27
3.6,117,25000000.0,10000.0,0,0.0,0,13,13
3.6,12846,14000000.0,1000000.0,0,0.0,3,19,49
4.2,358,15000000.0,10000.0,0,0.0,0,19,21
4.5,126017,4300000.0,5000000.0,0,0.0,0,17,17
4.1,227,5200000.0,50000.0,0,0.0,0,25,31
4.5,870928,16000000.0,50000000.0,0,0.0,0,2,2
3.7,2594,12000000.0,500000.0,0,0.0,0,13,13
4.3,23641,23000000.0,1000000.0,0,0.0,2,21,24
4.9,15,23000000.0,100.0,0,0.0,0,11,19
4.6,717,5400000.0,5000.0,1,5.99,0,6,6
4.5,152780,12000000.0,10000000.0,0,0.0,0,5,5
3.9,167229,9700000.0,10000000.0,0,0.0,0,18,18
4.2,271908,8100000.0,10000000.0,0,0.0,0,7,7
4.3,38846,8600000.0,1000000.0,0,0.0,0,30,48
4.5,14201604,52000000.0,100000000.0,0,0.0,0,19,5
3.8,39,2900000.0,1000.0,0,0.0,0,11,0
4.5,469851,12000000.0,50000000.0,0,0.0,0,11,60
4.4,379245,68000000.0,10000000.0,0,0.0,0,11,58
4.3,3252896,50000000.0,100000000.0,0,0.0,0,2,2
4.3,20672,12000000.0,1000000.0,0,0.0,0,13,13
4.5,27439,19000000.0,1000000.0,0,0.0,0,17,17
3.9,146,784000.0,10000.0,0,0.0,0,7,7
4.1,23453,10000000.0,1000000.0,0,0.0,0,10,10
4.6,79,3000000.0,1000.0,0,0.0,0,7,7
4.2,23,33000000.0,1000.0,0,0.0,3,11,19
4.2,23292,14000000.0,1000000.0,0,0.0,2,21,24
3.5,13,42000000.0,100.0,1,0.99,0,11,23
3.5,81,22000000.0,10000.0,0,0.0,0,15,15
4.2,2925,16000000.0,100000.0,0,0.0,0,7,7
4.4,5262,26000000.0,100000.0,0,0.0,0,11,19
3.8,7750,292000.0,1000000.0,0,0.0,0,28,38
4.3,12919,94000000.0,1000000.0,0,0.0,0,11,50
5.0,4,12000000.0,100.0,1,0.99,0,12,12
3.8,109,2800000.0,10000.0,0,0.0,0,13,13
3.7,1041,28000000.0,100000.0,0,0.0,0,7,7
3.5,2,17000000.0,100.0,1,7.99,1,14,14
3.8,922,2100000.0,100000.0,0,0.0,0,13,13
4.4,142393,12000000.0,10000000.0,0,0.0,0,12,12
4.6,1880,18000000.0,50000.0,1,1.49,0,2,2
3.7,42,11000000.0,5000.0,0,0.0,0,23,27
3.8,2469,11000000.0,500000.0,0,0.0,0,0,0
4.1,29690,78000000.0,1000000.0,0,0.0,3,31,40
4.1,665,5300000.0,50000.0,0,0.0,0,11,0
4.3,180,3800000.0,5000.0,1,399.99,0,13,13
4.6,33509,3600000.0,1000000.0,0,0.0,0,7,7
4.2,14432,35000000.0,500000.0,0,0.0,0,11,19
4.6,506593,12000000.0,10000000.0,0,0.0,0,19,33
4.1,120,32000000.0,10000.0,0,0.0,0,11,19
3.7,533,3800000.0,50000.0,0,0.0,0,21,24
4.5,79261,57000000.0,5000000.0,0,0.0,0,22,26
4.3,22251,1800000.0,1000000.0,0,0.0,0,0,0
3.5,196,35000000.0,10000.0,0,0.0,0,19,43
3.4,3491,7300000.0,1000000.0,0,0.0,0,7,7
4.3,1130,48000000.0,50000.0,0,0.0,3,11,23
3.4,16,1200000.0,500.0,0,0.0,0,11,40
4.0,34753,22000000.0,1000000.0,0,0.0,0,23,27
4.2,46505,19000000.0,1000000.0,0,0.0,0,3,3
3.9,751,17000000.0,100000.0,0,0.0,0,11,40
4.2,100406,12000000.0,10000000.0,0,0.0,0,17,17
2.4,16,5200000.0,500.0,0,0.0,0,3,3
4.4,2788923,12000000.0,100000000.0,0,0.0,3,22,26
4.3,37053,44000000.0,1000000.0,0,0.0,1,14,14
4.7,1830388,12000000.0,100000000.0,0,0.0,0,27,37
3.9,249,21000000.0,10000.0,0,0.0,0,11,61
4.5,637254,12000000.0,10000000.0,0,0.0,3,24,29
4.2,35172,34000000.0,1000000.0,0,0.0,3,11,35
4.2,2447,2500000.0,100000.0,0,0.0,0,7,7
3.8,2300,12000000.0,10000000.0,0,0.0,0,10,10
3.3,6,1500000.0,100.0,1,5.99,0,7,7
4.7,12,6000000.0,500.0,0,0.0,0,10,10
3.8,8,4200000.0,1000.0,0,0.0,3,19,21
5.0,4,2300000.0,500.0,0,0.0,0,11,40
4.3,53,3000000.0,5000.0,0,0.0,0,7,7
4.1,80,13000000.0,1000.0,0,0.0,0,11,0
4.7,254258,23000000.0,10000000.0,0,0.0,0,19,21
4.2,951,64000000.0,100000.0,0,0.0,3,19,22
4.2,33053,22000000.0,5000000.0,0,0.0,0,18,18
4.5,14892469,12000000.0,500000000.0,0,0.0,0,19,19
4.3,527248,12000000.0,50000000.0,0,0.0,0,23,27
3.9,13698,5100000.0,10000000.0,0,0.0,0,18,18
3.9,859,5300000.0,100000.0,0,0.0,3,11,40
4.4,90042,12000000.0,10000000.0,0,0.0,0,20,20
4.4,124324,12000000.0,10000000.0,0,0.0,0,13,13
4.1,783,4200000.0,100000.0,0,0.0,0,7,7
3.4,3280,77000000.0,1000000.0,0,0.0,0,29,46
4.2,28,7300000.0,1000.0,0,0.0,0,5,5
4.5,148895,46000000.0,10000000.0,0,0.0,0,19,19
4.3,29768,12000000.0,5000000.0,0,0.0,0,8,8
4.5,592504,12000000.0,50000000.0,0,0.0,0,19,75
4.3,18194,3200000.0,1000000.0,0,0.0,0,4,4
3.7,3396,266000.0,500000.0,0,0.0,0,23,27
4.6,222,10000000.0,10000.0,0,0.0,0,7,7
3.6,9,21000000.0,1000.0,0,0.0,3,24,29
4.8,123,6500000.0,1000.0,0,0.0,0,16,16
4.6,1553,9200000.0,100000.0,0,0.0,0,11,0
4.1,31218,12000000.0,1000000.0,0,0.0,0,13,13
3.5,3484,41000000.0,500000.0,0,0.0,0,15,15
3.1,5241,12000000.0,5000000.0,0,0.0,0,31,40
4.7,85079,2800000.0,1000000.0,0,0.0,0,7,7
2.5,277,5700000.0,100000.0,0,0.0,1,14,14
4.0,121003,12000000.0,10000000.0,0,0.0,0,5,5
4.3,10483141,24000000.0,500000000.0,0,0.0,0,11,19
3.9,7801,201000.0,1000000.0,0,0.0,0,2,2
3.5,217,9400000.0,50000.0,0,0.0,3,17,17
3.2,24,4800000.0,5000.0,0,0.0,0,11,40
4.6,513,1600000.0,10000.0,0,0.0,0,11,0
3.2,513,34000000.0,100000.0,0,0.0,0,11,23
4.2,22545,5900000.0,1000000.0,0,0.0,1,14,14
4.1,6850,11000000.0,100000.0,0,0.0,0,2,2
3.9,3023,12000000.0,500000.0,0,0.0,0,22,26
4.7,9,12000000.0,100.0,0,0.0,3,12,12
3.6,145323,42000000.0,10000000.0,0,0.0,0,20,20
4.7,26862,30000000.0,500000.0,0,0.0,0,6,6
3.2,661,7600000.0,100000.0,0,0.0,0,22,26
4.3,70,3900000.0,10000.0,0,0.0,0,13,13
4.5,61,7500000.0,10000.0,0,0.0,0,12,12
4.2,7063,17000000.0,1000000.0,0,0.0,0,7,7
4.3,979,12000000.0,50000.0,0,0.0,0,17,17
4.3,31908,12000000.0,1000000.0,0,0.0,0,5,5
4.2,1357,58000000.0,50000.0,1,2.99,0,11,65
4.1,29,13000000.0,10000.0,0,0.0,0,18,18
4.4,112,13000000.0,1000.0,0,0.0,0,6,6
4.6,4478,9500000.0,100000.0,0,0.0,2,16,16
4.0,4450,7600000.0,1000000.0,0,0.0,0,29,46
4.3,11904,1800000.0,1000000.0,0,0.0,0,0,0
4.6,16801,12000000.0,1000000.0,0,0.0,0,24,29
4.5,457283,12000000.0,10000000.0,0,0.0,0,18,18
4.6,3073251,33000000.0,50000000.0,0,0.0,2,19,22
4.4,40606,15000000.0,10000000.0,0,0.0,0,4,4
4.8,269194,6900000.0,10000000.0,0,0.0,0,11,47
4.1,367505,12000000.0,10000000.0,0,0.0,0,10,10
4.6,603,7400000.0,10000.0,0,0.0,0,16,16
4.5,756,12000000.0,100000.0,0,0.0,0,0,0
4.5,142,26000.0,5000.0,1,1.0,0,7,7
4.2,147791,38000000.0,5000000.0,0,0.0,3,19,22
4.3,195,12000000.0,10000.0,0,0.0,0,2,2
4.5,838738,12000000.0,50000000.0,0,0.0,0,5,5
4.3,11760,12000000.0,1000000.0,0,0.0,0,1,1
4.4,708,33000000.0,50000.0,0,0.0,0,11,0
4.8,5323,3500000.0,50000.0,0,0.0,1,14,14
3.8,103,6900000.0,5000.0,0,0.0,0,13,13
4.4,11393,8700000.0,1000000.0,0,0.0,0,7,7
4.0,51067,48000000.0,5000000.0,0,0.0,3,19,22
3.8,19221,13000000.0,5000000.0,0,0.0,0,10,10
4.2,120035,45000000.0,5000000.0,0,0.0,0,11,76
4.7,65,12000000.0,5000.0,0,0.0,0,13,13
4.7,73,6300000.0,10000.0,0,0.0,0,6,6
3.4,9051,23000000.0,1000000.0,0,0.0,0,19,33
4.3,259,49000000.0,10000.0,0,0.0,0,11,0
4.6,4140,12000000.0,50000.0,1,1.99,0,30,48
3.6,143,27000000.0,10000.0,0,0.0,1,14,14
4.6,518,4200000.0,50000.0,0,0.0,0,10,10
4.5,512996,23000000.0,10000000.0,0,0.0,0,23,27
4.0,3419249,12000000.0,1000000000.0,0,0.0,0,18,18
4.6,32381,10000000.0,1000000.0,0,0.0,2,0,0
4.6,21266,45000000.0,100000.0,1,2.99,3,19,22
4.5,314,11000000.0,10000.0,0,0.0,0,12,12
4.8,725,3700000.0,10000.0,0,0.0,3,24,29
4.4,2728941,12000000.0,1000000000.0,0,0.0,0,2,2
4.4,160,8500000.0,5000.0,0,0.0,0,11,40
4.3,44,34000000.0,10000.0,0,0.0,0,6,6
4.4,11200,25000000.0,1000000.0,0,0.0,0,29,46
4.3,3684,12000000.0,100000.0,0,0.0,2,21,24
4.2,97,8900000.0,10000.0,0,0.0,0,11,40
4.5,27,7100000.0,500.0,0,0.0,0,21,24
4.3,21,2500000.0,1000.0,0,0.0,0,11,40
4.3,31,228000.0,5000.0,0,0.0,0,7,7
4.6,21,8900000.0,1000.0,0,0.0,0,7,7
3.5,69,36000000.0,5000.0,0,0.0,1,14,14
4.3,834117,44000000.0,10000000.0,0,0.0,3,19,22
4.6,2246379,5100000.0,50000000.0,0,0.0,0,7,7
4.4,37234,7300000.0,1000000.0,0,0.0,0,12,12
3.7,120,31000000.0,10000.0,0,0.0,0,13,13
4.2,28860,12000000.0,100000000.0,0,0.0,0,7,7
4.3,15,14000000.0,10000.0,0,0.0,0,27,37
4.2,642,12000000.0,50000.0,0,0.0,0,0,0
5.0,1,4300000.0,5.0,0,0.0,0,3,3
3.7,31883,20000000.0,1000000.0,0,0.0,3,19,22
4.5,96419,12000000.0,5000000.0,0,0.0,0,16,16
4.3,54520,12000000.0,10000000.0,0,0.0,0,3,3
4.3,7895,3300000.0,500000.0,0,0.0,0,17,17
4.3,323,17000000.0,10000.0,0,0.0,0,13,13
3.6,215,2600000.0,50000.0,0,0.0,0,11,36
4.0,795,41000000.0,100000.0,0,0.0,3,19,22
4.7,67071,40000000.0,1000000.0,0,0.0,0,22,26
3.4,552,22000000.0,10000.0,0,0.0,0,10,10
4.3,58617,26000000.0,1000000.0,1,0.99,0,12,12
4.2,3478,12000000.0,500000.0,0,0.0,0,11,77
4.5,2,3000000.0,100.0,0,0.0,0,12,12
4.5,2,10000000.0,500.0,0,0.0,1,12,12
3.7,40,9000000.0,1000.0,1,8.49,0,27,37
5.0,2,3500000.0,10.0,0,0.0,0,7,7
4.4,47393,7200000.0,10000000.0,0,0.0,0,12,12
4.6,815893,4400000.0,10000000.0,0,0.0,0,10,10
3.1,16,18000000.0,5000.0,0,0.0,0,27,37
3.7,433,12000000.0,50000.0,0,0.0,3,11,40
4.6,49210,99000000.0,1000000.0,0,0.0,2,11,55
4.3,112223,34000000.0,1000000.0,0,0.0,1,24,29
4.2,182,7000000.0,50000.0,0,0.0,0,2,2
2.8,80,5500000.0,10000.0,0,0.0,3,14,14
4.5,6,22000000.0,500.0,0,0.0,0,11,40
4.8,1955,14000000.0,100000.0,0,0.0,0,7,7
4.0,499,4700000.0,10000.0,0,0.0,0,2,2
4.1,1828,13000000.0,100000.0,0,0.0,0,3,3
3.2,5,8199999.999999999,1000.0,0,0.0,0,16,16
3.4,71852,22000000.0,5000000.0,0,0.0,0,7,7
4.2,277904,12000000.0,5000000.0,0,0.0,1,5,5
4.3,21804,44000000.0,1000000.0,1,0.99,2,11,55
4.3,27156,66000000.0,5000000.0,0,0.0,0,18,18
3.6,18,3500000.0,1000.0,0,0.0,0,6,6
4.7,536926,12000000.0,10000000.0,0,0.0,0,2,2
3.8,52,55000000.0,10000.0,1,2.99,0,11,65
4.5,776730,49000000.0,10000000.0,0,0.0,2,19,22
4.4,26572,41000000.0,1000000.0,0,0.0,0,3,3
3.9,53,334000.0,10000.0,0,0.0,0,28,38
4.2,798,4700000.0,50000.0,0,0.0,2,5,5
3.6,40,1500000.0,5000.0,0,0.0,0,24,29
4.5,74,2800000.0,5000.0,0,0.0,0,11,40
4.3,2171,12000000.0,100000.0,0,0.0,0,11,36
4.5,39123,12000000.0,1000000.0,0,0.0,0,29,46
4.3,138337,12000000.0,10000000.0,0,0.0,0,15,15
4.8,19543,12000000.0,100000.0,1,2.99,0,17,17
4.0,1469,5200000.0,100000.0,0,0.0,0,11,40
4.4,90481,12000000.0,5000000.0,0,0.0,0,0,0
5.0,1,27000000.0,100.0,0,0.0,0,6,6
4.7,51543,12000000.0,1000000.0,0,0.0,0,20,20
4.5,6,2500000.0,50.0,0,0.0,0,8,8
4.2,24349,9200000.0,1000000.0,0,0.0,0,4,4
4.6,23133508,97000000.0,100000000.0,0,0.0,2,19,35
4.6,51973,27000000.0,1000000.0,0,0.0,0,11,55
4.6,124970,12000000.0,5000000.0,0,0.0,3,16,16
3.1,735,6300000.0,500000.0,0,0.0,0,21,24
4.5,155944,35000000.0,5000000.0,0,0.0,0,20,20
4.1,305708,12000000.0,10000000.0,0,0.0,1,14,14
4.1,568,27000000.0,100000.0,0,0.0,1,24,29
3.7,413609,22000000.0,10000000.0,0,0.0,1,19,25
4.2,7339,4000000.0,100000.0,0,0.0,0,7,7
4.1,60,13000000.0,1000.0,0,0.0,0,27,37
3.6,5639,12000000.0,1000000.0,0,0.0,0,15,15
4.6,1398,10000000.0,100000.0,0,0.0,2,20,20
4.1,62616,12000000.0,5000000.0,0,0.0,3,17,17
3.5,51,11000000.0,10000.0,0,0.0,0,15,15
4.3,41420,19000000.0,5000000.0,0,0.0,0,18,18
2.1,149,2800000.0,50000.0,0,0.0,0,7,7
4.7,55571,12000000.0,1000000.0,0,0.0,0,17,17
4.4,69395,12000000.0,10000000.0,0,0.0,0,17,17
4.6,625,8400000.0,10000.0,1,3.99,0,6,6
4.3,19314,43000000.0,1000000.0,0,0.0,0,20,20
4.6,2750645,12000000.0,100000000.0,0,0.0,0,19,25
4.1,37333,12000000.0,50000000.0,0,0.0,0,7,7
4.2,609186,30000000.0,10000000.0,0,0.0,0,22,26
4.1,28,2500000.0,10000.0,0,0.0,0,7,7
4.1,49147,13000000.0,1000000.0,0,0.0,0,10,10
3.0,4,3400000.0,500.0,1,0.99,0,6,6
4.9,38,5000000.0,1000.0,0,0.0,0,11,0
4.7,706301,12000000.0,10000000.0,0,0.0,0,13,13
4.5,1468638,12000000.0,50000000.0,0,0.0,1,19,22
4.5,298854,12000000.0,10000000.0,0,0.0,0,2,2
4.5,5149854,12000000.0,100000000.0,0,0.0,0,18,18
4.7,6505,2000000.0,50000.0,1,2.99,0,7,7
4.4,38419,100000000.0,1000000.0,1,0.99,2,19,22
4.2,632,50000000.0,100000.0,0,0.0,0,11,23
4.4,93825,11000000.0,5000000.0,0,0.0,0,18,18
4.4,1031045,12000000.0,100000000.0,0,0.0,0,15,15
4.7,39,20000000.0,1000.0,0,0.0,0,11,0
4.0,48731,68000000.0,5000000.0,0,0.0,0,11,23
4.0,4,8199999.999999999,500.0,0,0.0,0,2,2
4.4,509,17000000.0,100000.0,0,0.0,0,8,8
3.8,16282,35000000.0,1000000.0,0,0.0,3,19,22
4.2,14709,15000000.0,5000000.0,0,0.0,0,17,17
4.4,172,49000000.0,5000.0,1,2.99,0,5,5
4.2,19096,10000000.0,1000000.0,0,0.0,0,7,7
4.2,4831125,12000000.0,1000000000.0,0,0.0,3,24,29
4.1,4374,53000000.0,100000.0,0,0.0,0,5,5
5.0,3,30000000.0,500.0,0,0.0,0,9,9
4.4,3697174,36000000.0,50000000.0,0,0.0,3,19,22
4.4,25717,12000000.0,1000000.0,0,0.0,3,22,26
3.7,33264,18000000.0,10000000.0,0,0.0,0,10,10
4.1,111465,12000000.0,5000000.0,0,0.0,0,17,17
3.5,217,9400000.0,50000.0,0,0.0,3,17,17
3.8,700,37000000.0,100000.0,0,0.0,0,6,6
3.4,121,6300000.0,10000.0,0,0.0,0,11,40
3.5,49523,12000000.0,5000000.0,0,0.0,0,23,27
4.5,470089,12000000.0,50000000.0,0,0.0,0,31,60
2.3,223,1000000.0,5000.0,1,1.49,0,18,18
4.1,981,73000.0,100000.0,0,0.0,0,7,7
4.3,1002859,35000000.0,100000000.0,0,0.0,0,3,3
4.4,885187,22000000.0,50000000.0,0,0.0,0,7,7
4.7,10,12000000.0,100.0,0,0.0,0,3,3
5.0,100,10000000.0,1000.0,0,0.0,0,11,0
4.1,11633,23000000.0,500000.0,0,0.0,1,14,14
3.8,40934,5200000.0,1000000.0,0,0.0,0,7,7
3.2,5,9500000.0,100.0,0,0.0,0,10,10
4.3,1489,67000000.0,100000.0,0,0.0,3,19,22
3.4,29854,5000000.0,1000000.0,0,0.0,0,7,7
3.9,6200,12000000.0,500000.0,0,0.0,2,19,25
4.8,47303,21000000.0,1000000.0,0,0.0,0,16,16
4.5,133,2800000.0,10000.0,1,2.99,0,6,6
4.3,34494,23000000.0,5000000.0,0,0.0,2,19,33
4.3,50887,91000000.0,5000000.0,0,0.0,0,11,11
2.6,820,12000000.0,100000.0,0,0.0,0,21,24
4.3,505,288000.0,10000.0,1,1.99,0,12,12
4.3,194,1500000.0,10000.0,0,0.0,0,23,27
4.3,346982,12000000.0,10000000.0,0,0.0,0,18,18
2.5,81,6700000.0,10000.0,0,0.0,1,21,24
4.4,496,94000000.0,100000.0,0,0.0,0,11,11
4.5,4449910,67000000.0,100000000.0,0,0.0,2,11,56
4.3,3509,6500000.0,1000000.0,0,0.0,0,7,7
4.2,18425,5300000.0,1000000.0,0,0.0,0,4,4
4.1,67,4099999.9999999995,10000.0,0,0.0,0,7,7
3.5,154,3400000.0,10000.0,0,0.0,0,7,7
3.5,293,19000000.0,50000.0,0,0.0,0,17,17
4.1,382120,28000000.0,10000000.0,0,0.0,0,24,29
3.4,51,2400000.0,1000.0,1,29.99,0,6,6
4.0,9498,118000.0,1000000.0,0,0.0,0,18,18
4.5,12293,4000000.0,1000000.0,0,0.0,0,11,40
3.6,8,3700000.0,500.0,0,0.0,0,11,40
3.9,71,1100000.0,10000.0,0,0.0,0,7,7
4.1,47,26000.0,1000.0,1,4.99,0,12,12
4.4,3715656,36000000.0,50000000.0,0,0.0,3,19,22
4.4,318867,10000000.0,10000000.0,0,0.0,0,11,36
4.6,315,4300000.0,1000.0,1,2.99,0,5,5
4.2,2412,192000.0,100000.0,0,0.0,0,2,2
4.7,1084945,12000000.0,50000000.0,0,0.0,3,22,26
4.0,35725,9900000.0,1000000.0,0,0.0,0,23,27
4.7,233039,24000000.0,10000000.0,0,0.0,0,23,27
4.6,361970,58000000.0,5000000.0,0,0.0,0,11,44
3.9,286,18000000.0,10000.0,0,0.0,0,16,16
4.6,3093932,12000000.0,10000000.0,0,0.0,0,19,19
4.7,287250,12000000.0,50000000.0,0,0.0,0,2,2
4.1,29,2300000.0,5000.0,0,0.0,0,7,7
4.4,3570,21000000.0,100000.0,1,2.99,2,11,35
4.2,24,4900000.0,1000.0,0,0.0,1,14,14
3.6,740,71000000.0,50000.0,0,0.0,0,11,23
4.4,328,11000000.0,10000.0,0,0.0,0,5,5
4.5,46106,22000000.0,1000000.0,0,0.0,0,13,13
4.5,101738,10000000.0,1000000.0,0,0.0,0,7,7
4.3,322976,12000000.0,5000000.0,0,0.0,3,11,23
2.6,64,1600000.0,10000.0,0,0.0,0,5,5
4.1,27424,17000000.0,1000000.0,0,0.0,3,31,40
3.9,18961,1800000.0,5000000.0,0,0.0,0,10,10
4.2,914917,12000000.0,50000000.0,0,0.0,0,23,27
3.4,30,3000000.0,10000.0,0,0.0,0,23,27
4.6,964,14000000.0,10000.0,0,0.0,0,13,13
4.4,576,12000000.0,5000.0,1,2.49,0,6,6
4.8,4,4500000.0,500.0,0,0.0,0,30,48
4.6,407694,12000000.0,5000000.0,0,0.0,3,11,23
4.5,696,12000000.0,100000.0,0,0.0,0,19,22
3.9,1576,12000000.0,10000.0,0,0.0,1,14,14
4.1,26347,48000000.0,1000000.0,0,0.0,2,11,40
4.2,20,17000000.0,10000.0,0,0.0,0,1,1
4.3,2649,25000000.0,500000.0,0,0.0,0,27,37
4.4,56713,25000000.0,1000000.0,0,0.0,0,2,2
3.9,877643,13000000.0,1000000000.0,0,0.0,3,21,24
4.1,28238,17000000.0,1000000.0,0,0.0,0,18,18
4.2,522466,37000000.0,10000000.0,0,0.0,1,19,55
4.3,3976,98000000.0,100000.0,0,0.0,3,11,35
4.3,20,4800000.0,1000.0,0,0.0,0,23,27
4.6,157505,12000000.0,5000000.0,0,0.0,0,13,13
2.7,3,3900000.0,100.0,0,0.0,1,14,14
4.2,72,2500000.0,10000.0,0,0.0,3,11,40
4.4,32,2300000.0,1000.0,0,0.0,0,13,13
4.3,1476,41000000.0,100000.0,0,0.0,0,16,16
3.7,91,24000000.0,10000.0,0,0.0,0,19,22
3.5,2593,5000000.0,500000.0,0,0.0,1,14,14
4.4,208501,56000000.0,1000000.0,0,0.0,3,19,43
5.0,2,1200000.0,500.0,0,0.0,0,11,0
3.8,8482,45000000.0,1000000.0,0,0.0,0,19,25
4.1,17,2200000.0,10000.0,0,0.0,0,11,0
4.3,129304,12000000.0,5000000.0,0,0.0,0,13,13
4.1,1655,83000000.0,100000.0,0,0.0,0,11,55
4.2,731,12000000.0,100000.0,0,0.0,0,11,50
4.5,65,24000000.0,10000.0,0,0.0,0,11,19
4.7,10,7100000.0,1000.0,0,0.0,0,2,2
3.4,2218,11000000.0,500000.0,0,0.0,0,19,33
4.7,1125017,25000000.0,10000000.0,0,0.0,0,19,36
4.3,392596,53000000.0,10000000.0,0,0.0,0,11,78
4.3,1118201,12000000.0,10000000.0,0,0.0,1,10,10
4.7,39,95000000.0,10000.0,0,0.0,0,1,1
4.4,7731,24000000.0,100000.0,0,0.0,0,13,13
4.0,591,9400000.0,500000.0,0,0.0,0,25,31
4.0,1287,38000000.0,50000.0,0,0.0,0,19,54
4.2,16237,23000000.0,500000.0,0,0.0,0,19,25
3.9,5644,14000000.0,1000000.0,0,0.0,0,5,5
4.5,714665,50000000.0,10000000.0,0,0.0,0,15,15
3.7,9,2900000.0,500.0,0,0.0,0,6,6
4.0,28671,12000000.0,1000000.0,0,0.0,1,14,14
4.0,2490,3800000.0,500000.0,0,0.0,2,17,17
4.1,2808,12000000.0,100000.0,0,0.0,0,21,24
3.9,93,28000000.0,10000.0,0,0.0,0,11,0
3.9,1778,4900000.0,500000.0,0,0.0,1,16,16
3.4,1555,4099999.9999999995,100000.0,0,0.0,0,7,7
4.0,53144,21000000.0,5000000.0,0,0.0,0,10,10
4.3,751766,12000000.0,10000000.0,0,0.0,0,23,27
4.7,1032935,12000000.0,10000000.0,0,0.0,0,20,20
4.5,38487,60000000.0,1000000.0,0,0.0,3,17,17
3.2,1446,7100000.0,100000.0,0,0.0,1,32,53
4.4,847,21000000.0,10000.0,0,0.0,0,11,0
4.0,88,2000000.0,10000.0,1,1.99,0,7,7
4.5,112,2400000.0,1000.0,1,7.99,0,2,2
4.0,41759,12000000.0,1000000.0,0,0.0,0,19,33
4.0,8,3600000.0,500.0,0,0.0,0,11,40
4.9,8,3100000.0,500.0,0,0.0,0,13,13
4.2,31,25000000.0,1000.0,0,0.0,0,10,10
3.3,1407,1400000.0,100000.0,0,0.0,0,11,40
4.2,79129,23000000.0,5000000.0,0,0.0,3,24,29
4.6,15301,18000000.0,100000.0,1,2.99,0,11,39
4.3,68071,12000000.0,5000000.0,0,0.0,0,23,27
5.0,6,11000000.0,100.0,0,0.0,0,7,7
4.0,732,5500000.0,50000.0,0,0.0,0,13,13
2.0,24,35000000.0,1000.0,0,0.0,0,7,7
3.4,16,4000000.0,5000.0,0,0.0,0,7,7
4.4,198,28000000.0,10000.0,0,0.0,1,14,14
3.8,415,2700000.0,50000.0,0,0.0,0,7,7
4.8,3782,63000000.0,50000.0,0,0.0,3,24,29
3.9,4272,16000000.0,500000.0,0,0.0,0,5,5
4.3,207294,21000000.0,10000000.0,0,0.0,2,11,0
4.2,123279,25000000.0,10000000.0,0,0.0,2,31,60
4.6,353800,12000000.0,10000000.0,0,0.0,0,29,46
4.1,36151,46000000.0,1000000.0,0,0.0,0,11,23
3.0,1146,1400000.0,100000.0,0,0.0,1,14,14
3.7,11,4800000.0,5000.0,0,0.0,0,19,21
2.4,221,43000000.0,10000.0,0,0.0,0,17,17
4.0,120592,77000000.0,10000000.0,0,0.0,2,19,35
4.6,1130966,27000000.0,10000000.0,0,0.0,0,18,18
4.1,1657,2000000.0,100000.0,0,0.0,0,7,7
4.8,549720,85000000.0,10000000.0,0,0.0,0,19,23
4.6,1658,9700000.0,100000.0,0,0.0,0,10,10
4.0,6,20000000.0,100.0,0,0.0,0,22,26
4.2,17,4700000.0,5000.0,0,0.0,0,13,13
5.0,19,11000000.0,500.0,0,0.0,0,10,10
3.8,1797,6800000.0,100000.0,0,0.0,0,10,10
4.0,88486,12000000.0,5000000.0,0,0.0,1,24,29
1.0,1,2000000.0,50.0,1,1.49,0,11,0
4.8,33,6700000.0,5000.0,0,0.0,0,11,0
4.2,29,3500000.0,5000.0,0,0.0,0,4,4
4.2,270294,58000000.0,5000000.0,0,0.0,0,17,17
4.0,48,4099999.9999999995,1000.0,1,1.99,0,19,21
4.3,87,30000000.0,10000.0,0,0.0,0,11,0
4.5,13479633,14000000.0,100000000.0,0,0.0,0,7,7
4.2,15880,32000000.0,1000000.0,0,0.0,0,18,18
4.5,5783441,14000000.0,100000000.0,0,0.0,0,12,12
4.4,275,5800000.0,10000.0,0,0.0,2,6,6
4.4,2788923,12000000.0,100000000.0,0,0.0,3,22,26
5.0,3,4000000.0,100.0,0,0.0,0,10,10
4.8,104,12000000.0,10000.0,0,0.0,0,26,34
4.5,101,6900000.0,10000.0,0,0.0,0,13,13
4.3,15,460000.0,1000.0,0,0.0,0,28,38
4.3,3781467,12000000.0,100000000.0,0,0.0,1,24,29
4.5,44588,20000000.0,5000000.0,0,0.0,0,22,26
4.3,879,12000000.0,100000.0,0,0.0,0,11,79
3.8,270687,38000000.0,10000000.0,0,0.0,3,19,25
4.3,2045554,28000000.0,50000000.0,0,0.0,3,19,55
4.2,1752017,52000000.0,100000000.0,0,0.0,0,11,40
4.1,2520,12000000.0,100000.0,0,0.0,3,24,29
4.6,2698882,78000000.0,100000000.0,0,0.0,0,19,22
3.7,3,7300000.0,500.0,0,0.0,0,6,6
4.3,285,6200000.0,10000.0,0,0.0,0,11,0
2.9,691,5800000.0,100000.0,0,0.0,0,11,35
4.1,13304,1300000.0,1000000.0,0,0.0,0,19,33
4.5,2448,19000000.0,100000.0,0,0.0,0,20,20
4.7,48,4099999.9999999995,1000.0,0,0.0,0,21,24
4.2,613059,25000000.0,50000000.0,0,0.0,0,31,40
4.4,4921122,12000000.0,100000000.0,0,0.0,2,19,33
1.9,953,19000000.0,100000.0,0,0.0,1,14,14
4.2,29,35000000.0,5000.0,0,0.0,0,2,2
3.3,49,51000.0,10000.0,0,0.0,0,3,3
4.5,3197865,82000000.0,100000000.0,0,0.0,0,19,33
4.3,1167143,12000000.0,100000000.0,0,0.0,0,19,33
4.7,253155,3500000.0,5000000.0,0,0.0,0,2,2
4.6,1370749,12000000.0,50000000.0,0,0.0,3,22,26
3.1,103,28000000.0,10000.0,0,0.0,0,1,1
4.0,51,3200000.0,1000.0,0,0.0,0,11,40
4.4,6199095,67000000.0,100000000.0,0,0.0,0,19,19
4.8,13,6000000.0,100.0,0,0.0,0,11,40
3.9,11460,12000000.0,100000.0,1,8.99,0,5,5
4.1,7149,11000000.0,1000000.0,0,0.0,0,3,3
4.3,996,10000000.0,50000.0,0,0.0,0,7,7
4.1,105766,48000000.0,10000000.0,0,0.0,3,11,36
4.5,3580,60000000.0,100000.0,0,0.0,0,11,19
4.0,875,21000000.0,100000.0,0,0.0,0,27,37
4.3,24729,32000000.0,1000000.0,0,0.0,0,13,13
4.9,124,3400000.0,1000.0,0,0.0,0,8,8
2.9,118,26000000.0,50000.0,0,0.0,0,23,27
4.2,13752,21000000.0,100000.0,1,9.99,1,11,35
4.5,481546,29000000.0,10000000.0,0,0.0,0,27,37
3.3,1434,9500000.0,100000.0,0,0.0,0,18,18
4.5,66321,18000000.0,5000000.0,0,0.0,0,12,12
3.9,8122,23000000.0,500000.0,0,0.0,1,19,22
4.0,17543,19000000.0,5000000.0,0,0.0,0,11,19
4.6,291941,90000000.0,10000000.0,0,0.0,2,19,22
4.1,125,15000000.0,50000.0,0,0.0,0,13,13
3.7,126,13000000.0,10000.0,0,0.0,0,11,40
2.9,204,29000000.0,10000.0,0,0.0,0,13,13
4.1,4234,1900000.0,1000000.0,0,0.0,0,7,7
3.8,28660,6400000.0,5000000.0,0,0.0,0,23,27
4.5,35479,16000000.0,1000000.0,0,0.0,0,22,26
3.9,23348,3200000.0,5000000.0,0,0.0,0,7,7
3.7,3258,26000000.0,500000.0,0,0.0,0,11,19
4.4,359560,12000000.0,10000000.0,0,0.0,0,27,37
4.4,126447,12000000.0,1000000.0,0,0.0,0,13,13
4.7,259450,17000000.0,10000000.0,0,0.0,0,23,27
4.8,24,3600000.0,1000.0,0,0.0,0,12,12
4.2,423138,12000000.0,10000000.0,0,0.0,1,24,29
4.1,41074,16000000.0,5000000.0,0,0.0,0,22,26
4.4,5456208,12000000.0,100000000.0,0,0.0,3,31,40
4.6,59907,7800000.0,5000000.0,0,0.0,0,19,36
5.0,18,1300000.0,50.0,0,0.0,0,11,19
4.4,205191,7100000.0,10000000.0,0,0.0,0,2,2
4.2,278082,70000000.0,10000000.0,0,0.0,0,13,13
4.6,154,6600000.0,10000.0,0,0.0,0,7,7
4.7,286897,39000000.0,10000000.0,0,0.0,0,3,3
3.6,226,25000000.0,50000.0,0,0.0,0,11,19
4.3,72,1900000.0,10000.0,0,0.0,0,16,16
2.8,48,12000000.0,5000.0,0,0.0,0,10,10
4.3,599872,12000000.0,10000000.0,0,0.0,0,27,37
2.4,577,3700000.0,50000.0,0,0.0,0,17,17
4.5,21979,982000.0,1000000.0,0,0.0,0,7,7
2.7,3,9400000.0,100.0,0,0.0,2,17,17
4.3,881,5900000.0,10000.0,1,9.99,0,12,12
4.4,8,6800000.0,500.0,0,0.0,0,11,0
3.0,837,9400000.0,100000.0,0,0.0,1,14,14
4.5,16,3700000.0,1000.0,0,0.0,0,12,12
4.5,75951,12000000.0,5000000.0,0,0.0,0,2,2
3.7,80847,12000000.0,50000000.0,0,0.0,0,2,2
4.7,2195,37000000.0,10000.0,1,2.99,0,11,79
4.3,146913,24000000.0,100000000.0,0,0.0,0,7,7
